data,hora,historico,tipo,valor
01/08/25,09:44,Venda cli#0,venda,14.1
01/08/25,09:48,Venda cli#0,venda,22.6
01/08/25,09:56,Venda balcao,venda,21.99
01/08/25,10:07,Venda cli#0,venda,156.14
01/08/25,10:38,Venda cli#0,venda,14.2
01/08/25,11:03,Venda cli#0,venda,151.35
01/08/25,11:13,Venda cli#0,venda,58.0
01/08/25,11:13,Troco Venda cli#0,troco,-0.77
01/08/25,11:13,Venda cli#0,venda,57.23
01/08/25,11:23,Venda balcao,venda,142.68
01/08/25,11:38,Venda cli#0,venda,182.0
01/08/25,11:38,Troco Venda cli#0,troco,-0.22
01/08/25,11:38,Venda cli#0,venda,181.78
01/08/25,12:16,Venda cli#0,venda,104.0
01/08/25,12:27,Venda cli#0,venda,11.79
01/08/25,13:28,Venda cli#0,venda,42.7
01/08/25,13:43,Venda cli#0,venda,114.5
01/08/25,14:11,Venda cli#0,venda,90.27
01/08/25,14:21,Venda cli#0,venda,24.0
01/08/25,14:32,Venda cli#0,venda,199.15
01/08/25,14:47,Venda balcao,venda,139.07
01/08/25,15:14,Venda cli#0,venda,72.31
01/08/25,15:22,Venda cli#0,venda,10.99
01/08/25,17:06,Venda cli#0,venda,19.99
01/08/25,17:27,Venda cli#0,venda,42.0
01/08/25,17:27,FEC: Falta dinheiro no ca,outro,-1871.85
01/08/25,17:31,Venda cli#0,venda,40.0
01/08/25,17:31,Troco Venda cli#0,troco,-1.31
01/08/25,17:31,Venda cli#0,venda,38.69
02/08/25,09:37,Venda cli#0,venda,67.99
02/08/25,12:33,Venda cli#0,venda,10.0
02/08/25,14:27,FEC: Falta dinheiro no ca,outro,-155.37
02/08/25,14:48,Venda cli#0,venda,37.97
02/08/25,16:00,Venda cli#0,venda,168.81
04/08/25,10:47,Venda cli#0,venda,22.99
04/08/25,10:58,Venda balcao,venda,145.57
04/08/25,12:03,Venda cli#0,venda,118.84
04/08/25,12:33,Venda cli#0,venda,11.9
04/08/25,12:55,Venda cli#0,venda,22.1
04/08/25,13:10,Venda cli#0,venda,52.98
04/08/25,14:23,Venda cli#0,venda,101.6
04/08/25,14:57,Venda cli#0,venda,60.0
04/08/25,15:28,Venda cli#0,venda,233.42
04/08/25,15:41,"Venda balcao Desc=55,64",venda,77.89
04/08/25,15:42,Venda cli#0,venda,330.48
04/08/25,15:43,Venda cli#0,venda,10.19
04/08/25,16:22,Venda cli#0,venda,78.0
04/08/25,17:14,Venda cli#0,venda,223.22
04/08/25,17:38,Venda cli#0,venda,11.9
04/08/25,17:51,Venda cli#0,venda,88.47
04/08/25,18:06,FEC: Falta dinheiro no ca,outro,-1796.33
04/08/25,18:42,Venda cli#0,venda,38.0
04/08/25,18:46,Venda cli#0,venda,33.69
04/08/25,19:19,Venda cli#0,venda,12.0
04/08/25,19:19,Troco Venda cli#0,troco,-1.5
04/08/25,19:19,Venda cli#0,venda,10.5
04/08/25,19:28,Venda cli#0,venda,167.3
04/08/25,19:45,Venda cli#0,venda,284.96
05/08/25,10:15,Venda cli#0,venda,411.21
05/08/25,10:18,Venda cli#0,venda,65.24
05/08/25,10:18,Venda cli#0,venda,113.14
05/08/25,10:25,Venda cli#0,venda,20.4
05/08/25,10:25,Troco Venda cli#0,troco,-9.98
05/08/25,10:25,Venda cli#0,venda,10.42
05/08/25,10:37,Venda cli#0,venda,490.85
05/08/25,10:46,"Venda balcao Desc=7,57",venda,143.91
05/08/25,12:18,Venda cli#0,venda,399.07
05/08/25,12:52,Venda balcao,venda,550.57
05/08/25,12:56,Venda cli#0,venda,5.99
05/08/25,13:18,Venda cli#0,venda,510.4
05/08/25,15:02,Venda cli#0,venda,39.58
05/08/25,15:37,Venda cli#0,venda,114.22
05/08/25,15:50,Venda cli#0,venda,23.07
05/08/25,16:08,Venda cli#0,venda,10.0
05/08/25,16:38,Venda cli#0,venda,19.87
05/08/25,16:40,Venda cli#0,venda,16.08
05/08/25,16:41,Venda cli#0,venda,5.99
05/08/25,16:44,Venda cli#0,venda,30.55
05/08/25,17:45,Venda cli#0,venda,35.26
05/08/25,18:00,Venda cli#0,venda,77.19
05/08/25,18:18,FEC: Falta dinheiro no ca,outro,-3627.98
06/08/25,10:01,Venda cli#0,venda,42.35
06/08/25,10:35,Venda cli#0,venda,18.1
06/08/25,10:42,Venda cli#0,venda,176.61
06/08/25,10:52,Venda cli#0,venda,18.0
06/08/25,10:52,Venda cli#0,venda,136.01
06/08/25,11:26,Venda cli#0,venda,32.45
06/08/25,12:05,Venda cli#0,venda,39.34
06/08/25,12:27,Venda cli#0,venda,536.0
06/08/25,12:51,Venda cli#0,venda,2.5
06/08/25,13:41,Venda cli#0,venda,216.62
06/08/25,14:33,Venda cli#0,venda,17.89
06/08/25,15:17,Venda cli#0,venda,29.8
06/08/25,16:47,Venda balcao,venda,292.72
06/08/25,18:37,Venda cli#0,venda,9.99
06/08/25,18:38,FEC: Falta dinheiro no ca,outro,-1568.38
06/08/25,19:25,Venda cli#0,venda,22.82
06/08/25,19:27,Venda cli#0,venda,217.9
07/08/25,10:23,Venda cli#0,venda,326.58
07/08/25,10:55,Venda cli#0,venda,59.98
07/08/25,10:59,Venda cli#0,venda,84.0
07/08/25,11:00,Venda cli#0,venda,16.1
07/08/25,11:13,Venda cli#0,venda,41.1
07/08/25,11:20,Venda balcao,venda,243.85
07/08/25,11:42,Venda cli#0,venda,211.0
07/08/25,12:00,Venda cli#0,venda,7.0
07/08/25,12:00,Troco Venda cli#0,troco,-1.23
07/08/25,12:00,Venda cli#0,venda,5.77
07/08/25,14:46,Venda cli#0,venda,20.0
07/08/25,14:46,Troco Venda cli#0,troco,-8.1
07/08/25,14:46,Venda cli#0,venda,11.9
07/08/25,15:58,Venda cli#0,venda,54.1
07/08/25,16:10,Venda balcao,venda,89.69
07/08/25,16:52,Venda cli#0,venda,31.77
07/08/25,17:52,FEC: Falta dinheiro no ca,outro,-1434.23
08/08/25,10:02,Venda cli#0,venda,39.29
08/08/25,10:18,Venda cli#0,venda,5.0
08/08/25,10:18,Troco Venda cli#0,troco,-0.52
08/08/25,10:18,Venda cli#0,venda,4.48
08/08/25,10:28,Venda balcao,venda,60.5
08/08/25,10:44,Venda cli#0,venda,248.68
08/08/25,11:03,Venda cli#0,venda,170.14
08/08/25,11:04,Venda cli#0,venda,28.0
08/08/25,11:40,Venda cli#0,venda,50.0
08/08/25,11:40,Troco Venda cli#0,troco,-41.04
08/08/25,11:40,Venda cli#0,venda,8.96
08/08/25,12:07,Venda cli#0,venda,50.0
08/08/25,12:07,Troco Venda cli#0,troco,-42.0
08/08/25,12:07,Venda cli#0,venda,8.0
08/08/25,14:31,Venda cli#0,venda,83.96
08/08/25,15:03,Venda cli#0,venda,50.0
08/08/25,15:03,Troco Venda cli#0,troco,-38.0
08/08/25,15:03,Venda cli#0,venda,12.0
08/08/25,16:48,Venda cli#0,venda,40.89
08/08/25,17:28,FEC: Falta dinheiro no ca,outro,-738.34
09/08/25,12:29,Venda cli#0,venda,4.0
09/08/25,12:42,Venda cli#0,venda,10.48
09/08/25,13:07,Venda cli#0,venda,12.0
09/08/25,13:07,Troco Venda cli#0,troco,-0.16
09/08/25,13:07,Venda cli#0,venda,11.84
09/08/25,14:27,FEC: Falta dinheiro no ca,outro,-38.16
11/08/25,10:05,Venda cli#0,venda,50.0
11/08/25,10:05,Troco Venda cli#0,troco,-26.71
11/08/25,10:05,Venda cli#0,venda,23.29
11/08/25,10:44,Venda balcao,venda,267.65
11/08/25,10:46,Venda cli#0,venda,39.07
11/08/25,10:52,Venda cli#0,venda,268.76
11/08/25,11:02,Venda cli#0,venda,5.0
11/08/25,11:03,Venda cli#0,venda,467.9
11/08/25,11:29,Venda cli#0,venda,109.21
11/08/25,11:59,Venda cli#0,venda,9.0
11/08/25,12:23,Venda cli#0,venda,164.08
11/08/25,12:42,Venda balcao,venda,638.78
11/08/25,14:13,Venda cli#0,venda,52.09
11/08/25,14:44,Venda cli#0,venda,73.89
11/08/25,14:48,Venda cli#0,venda,169.74
11/08/25,14:49,Venda cli#0,venda,51.33
11/08/25,14:51,Venda cli#0,venda,25.0
11/08/25,15:29,Venda cli#0,venda,307.88
11/08/25,15:33,Venda cli#0,venda,116.59
11/08/25,16:17,Venda cli#0,venda,13.32
11/08/25,16:19,Venda cli#0,venda,43.18
11/08/25,16:24,Venda cli#0,venda,19.78
11/08/25,16:29,Venda cli#0,venda,432.44
11/08/25,16:31,Venda cli#0,venda,402.44
11/08/25,17:03,Venda cli#0,venda,9.25
11/08/25,17:32,Venda cli#0,venda,132.89
11/08/25,17:47,Venda cli#0,venda,63.32
11/08/25,18:26,Venda cli#0,venda,54.26
11/08/25,18:33,"Venda cli#0 Desc=3,05",venda,57.85
11/08/25,18:38,FEC: Falta dinheiro no ca,outro,-4041.28
12/08/25,09:53,Venda cli#0,venda,192.4
12/08/25,09:54,Venda cli#0,venda,111.72
12/08/25,10:25,Venda cli#0,venda,359.8
12/08/25,10:26,Venda cli#0,venda,269.63
12/08/25,10:28,Venda cli#0,venda,50.01
12/08/25,10:30,Venda cli#0,venda,173.33
12/08/25,10:47,Venda cli#0,venda,180.35
12/08/25,10:53,Venda cli#0,venda,249.4
12/08/25,11:02,Venda balcao,venda,172.19
12/08/25,11:28,Venda cli#0,venda,200.84
12/08/25,11:32,Venda cli#0,venda,5.99
12/08/25,12:20,Venda cli#0,venda,299.3
12/08/25,12:26,Venda balcao,venda,455.05
12/08/25,12:40,Venda cli#0,venda,94.5
12/08/25,13:10,Venda cli#0,venda,26.68
12/08/25,13:14,Venda cli#0,venda,23.0
12/08/25,14:16,Venda cli#0,venda,20.0
12/08/25,14:16,Troco Venda cli#0,troco,-13.6
12/08/25,14:16,Venda cli#0,venda,6.4
12/08/25,15:05,Venda cli#0,venda,18.99
12/08/25,15:12,Venda balcao,venda,244.58
12/08/25,15:27,Venda cli#0,venda,425.14
12/08/25,15:59,Venda cli#0,venda,10.08
12/08/25,16:32,Venda cli#0,venda,16.9
12/08/25,16:59,Venda cli#0,venda,101.88
12/08/25,17:21,Venda cli#0,venda,65.97
12/08/25,17:45,Venda cli#0,venda,110.48
12/08/25,18:16,Venda cli#0,venda,44.99
12/08/25,18:20,FEC: Falta dinheiro no ca,outro,-3916.0
13/08/25,10:08,Venda cli#0,venda,20.0
13/08/25,10:08,Troco Venda cli#0,troco,-9.13
13/08/25,10:08,Venda cli#0,venda,10.87
13/08/25,10:14,Venda cli#0,venda,8.8
13/08/25,10:22,Venda cli#0,venda,183.2
13/08/25,10:29,Venda cli#0,venda,124.0
13/08/25,10:37,Venda cli#0,venda,20.0
13/08/25,10:37,Troco Venda cli#0,troco,-2.5
13/08/25,10:37,Venda cli#0,venda,17.5
13/08/25,10:41,Venda cli#0,venda,182.39
13/08/25,10:45,Venda cli#0,venda,132.23
13/08/25,10:48,Venda cli#0,venda,10.5
13/08/25,11:15,Venda cli#0,venda,57.79
13/08/25,11:19,Venda cli#0,venda,16.0
13/08/25,11:41,Venda cli#0,venda,96.2
13/08/25,11:44,Venda cli#0,venda,7.0
13/08/25,12:14,Venda cli#0,venda,157.49
13/08/25,12:29,Venda cli#0,venda,34.59
13/08/25,12:48,Venda cli#0,venda,10.0
13/08/25,12:48,Troco Venda cli#0,troco,-2.0
13/08/25,12:48,Venda cli#0,venda,8.0
13/08/25,13:17,Venda cli#0,venda,260.18
13/08/25,13:35,Venda cli#0,venda,39.0
13/08/25,13:44,Venda cli#0,venda,6.68
13/08/25,14:39,Venda cli#0,venda,50.0
13/08/25,14:39,Troco Venda cli#0,troco,-5.11
13/08/25,14:39,Venda cli#0,venda,44.89
13/08/25,16:13,Venda cli#0,venda,68.9
13/08/25,16:26,"Venda cli#0 Desc=55,00",venda,181.63
13/08/25,16:36,Venda cli#0,venda,316.72
13/08/25,16:39,"Venda cli#0 Desc=63,39",venda,19.29
13/08/25,17:08,Venda cli#0,venda,14.0
13/08/25,18:15,Venda cli#0,venda,50.98
13/08/25,18:18,Venda cli#0,venda,56.0
13/08/25,18:54,FEC: Falta dinheiro no ca,outro,-2186.09
14/08/25,10:04,Venda cli#0,venda,245.68
14/08/25,10:06,Venda cli#0,venda,188.48
14/08/25,10:07,Venda cli#0,venda,175.88
14/08/25,10:17,Venda cli#0,venda,245.31
14/08/25,11:13,Venda cli#0,venda,189.22
14/08/25,11:58,Venda cli#0,venda,5.99
14/08/25,12:12,Venda cli#0,venda,38.55
14/08/25,13:26,Venda cli#0,venda,8.08
14/08/25,14:19,Venda cli#0,venda,13.49
14/08/25,14:30,Venda cli#0,venda,19.2
14/08/25,15:12,Venda cli#0,venda,60.58
14/08/25,15:27,Venda cli#0,venda,26.97
14/08/25,17:00,Venda cli#0,venda,21.0
14/08/25,17:51,"Venda cli#0 Desc=10,98",venda,98.81
14/08/25,17:52,Venda cli#0,venda,28.1
14/08/25,18:08,FEC: Falta dinheiro no ca,outro,-1365.34
15/08/25,09:43,Venda cli#0,venda,21.99
15/08/25,10:18,Venda cli#0,venda,34.89
15/08/25,10:32,Venda cli#0,venda,100.0
15/08/25,10:32,Troco Venda cli#0,troco,-84.4
15/08/25,10:32,Venda cli#0,venda,15.6
15/08/25,10:34,Venda cli#0,venda,632.17
15/08/25,11:08,Venda cli#0,venda,270.95
15/08/25,11:13,"Venda cli#0 Desc=13,09",venda,296.41
15/08/25,11:46,Venda cli#0,venda,33.09
15/08/25,12:00,Venda cli#0,venda,34.09
15/08/25,12:44,Venda cli#0,venda,11.9
15/08/25,12:47,Venda cli#0,venda,10.0
15/08/25,16:03,Venda cli#0,venda,80.29
15/08/25,17:30,Venda cli#0,venda,66.81
15/08/25,17:35,Venda cli#0,venda,23.65
15/08/25,17:51,FEC: Falta dinheiro no ca,outro,-1547.44
15/08/25,17:58,Venda cli#0,venda,127.87
16/08/25,11:31,Venda cli#0,venda,50.45
16/08/25,11:31,Troco Venda cli#0,troco,-41.0
16/08/25,11:31,Venda cli#0,venda,9.45
16/08/25,12:27,Venda cli#0,venda,135.66
16/08/25,13:12,Venda cli#0,venda,8.0
16/08/25,13:12,Troco Venda cli#0,troco,-0.79
16/08/25,13:12,Venda cli#0,venda,7.21
16/08/25,13:21,Venda cli#0,venda,50.0
16/08/25,13:21,Troco Venda cli#0,troco,-5.0
16/08/25,13:21,Venda cli#0,venda,45.0
16/08/25,14:57,FEC: Falta dinheiro no ca,outro,-386.85
18/08/25,09:48,Venda cli#0,venda,15.0
18/08/25,10:05,Venda cli#0,venda,189.38
18/08/25,10:07,Venda cli#0,venda,151.89
18/08/25,11:18,Venda cli#0,venda,336.8
18/08/25,12:11,Venda cli#0,venda,36.0
18/08/25,13:08,Venda cli#0,venda,33.88
18/08/25,14:39,Venda cli#0,venda,49.1
18/08/25,14:53,Venda cli#0,venda,55.32
18/08/25,14:59,Venda cli#0,venda,35.99
18/08/25,15:10,Venda cli#0,venda,119.32
18/08/25,16:01,Venda balcao,venda,267.36
18/08/25,16:04,Venda cli#0,venda,23.49
18/08/25,16:07,Venda balcao,venda,497.79
18/08/25,16:38,Venda cli#0,venda,21.5
18/08/25,17:13,Venda cli#0,venda,19.99
18/08/25,17:45,FEC: Falta dinheiro no ca,outro,-1852.81
19/08/25,09:50,Venda cli#0,venda,178.95
19/08/25,09:55,Venda cli#0,venda,14.0
19/08/25,09:58,Venda cli#0,venda,172.71
19/08/25,10:20,Venda cli#0,venda,6.99
19/08/25,10:22,Venda cli#0,venda,40.62
19/08/25,10:39,Venda cli#0,venda,30.38
19/08/25,10:44,Venda cli#0,venda,151.35
19/08/25,10:47,Venda cli#0,venda,62.58
19/08/25,10:50,Venda balcao,venda,192.8
19/08/25,11:05,Venda cli#0,venda,77.56
19/08/25,11:06,Venda balcao,venda,133.06
19/08/25,11:57,Venda cli#0,venda,10.0
19/08/25,12:00,Venda cli#0,venda,153.99
19/08/25,12:01,Venda cli#0,venda,204.42
19/08/25,12:15,Venda cli#0,venda,45.2
19/08/25,12:18,Venda cli#0,venda,296.97
19/08/25,12:56,Venda cli#0,venda,440.89
19/08/25,13:01,Venda cli#0,venda,17.1
19/08/25,13:03,Venda cli#0,venda,168.38
19/08/25,13:05,"Venda balcao Desc=23,78",venda,451.74
19/08/25,13:12,Venda cli#0,venda,169.31
19/08/25,14:39,Venda cli#0,venda,39.99
19/08/25,14:59,Venda cli#0,venda,17.08
19/08/25,15:01,Venda cli#0,venda,34.99
19/08/25,15:23,Venda cli#0,venda,124.05
19/08/25,15:51,Venda cli#0,venda,13.99
19/08/25,16:02,Venda cli#0,venda,267.13
19/08/25,16:41,Venda cli#0,venda,107.47
19/08/25,16:50,Venda cli#0,venda,164.27
19/08/25,16:52,Venda cli#0,venda,67.77
19/08/25,17:57,FEC: Falta dinheiro no ca,outro,-3855.74
20/08/25,09:43,Venda cli#0,venda,143.47
20/08/25,09:51,Venda cli#0,venda,27.98
20/08/25,10:24,Venda cli#0,venda,534.3
20/08/25,10:38,Venda cli#0,venda,346.73
20/08/25,10:41,Venda cli#0,venda,99.01
20/08/25,10:42,Venda cli#0,venda,199.44
20/08/25,11:11,Venda cli#0,venda,49.31
20/08/25,11:15,Venda cli#0,venda,100.0
20/08/25,11:15,Troco Venda cli#0,troco,-27.57
20/08/25,11:15,Venda cli#0,venda,72.43
20/08/25,11:17,Venda cli#0,venda,10.0
20/08/25,11:17,Troco Venda cli#0,troco,-1.01
20/08/25,11:17,Venda cli#0,venda,8.99
20/08/25,11:33,Venda cli#0,venda,7.1
20/08/25,12:06,Venda cli#0,venda,187.85
20/08/25,12:56,Venda cli#0,venda,205.16
20/08/25,13:20,Venda cli#0,venda,4.99
20/08/25,13:33,Venda cli#0,venda,14.0
20/08/25,14:34,Venda cli#0,venda,20.0
20/08/25,14:34,Troco Venda cli#0,troco,-10.01
20/08/25,14:34,Venda cli#0,venda,9.99
20/08/25,14:36,Venda cli#0,venda,51.55
20/08/25,16:43,Venda cli#0,venda,124.5
20/08/25,16:56,Venda cli#0,venda,112.08
20/08/25,17:07,Venda cli#0,venda,444.03
20/08/25,17:37,Venda cli#0,venda,105.0
20/08/25,17:37,Troco Venda cli#0,troco,-1.02
20/08/25,17:37,Venda cli#0,venda,103.98
20/08/25,18:27,Venda cli#0,venda,18.0
20/08/25,18:48,FEC: Falta dinheiro no ca,outro,-2960.28
21/08/25,09:52,Venda cli#0,venda,194.39
21/08/25,10:05,Venda cli#0,venda,7.0
21/08/25,10:05,Troco Venda cli#0,troco,-1.01
21/08/25,10:05,Venda cli#0,venda,5.99
21/08/25,10:07,Venda balcao,venda,357.91
21/08/25,10:28,Venda cli#0,venda,133.97
21/08/25,10:29,Venda cli#0,venda,85.34
21/08/25,10:30,Venda cli#0,venda,267.99
21/08/25,10:33,Venda cli#0,venda,29.97
21/08/25,10:41,Venda cli#0,venda,81.12
21/08/25,10:57,Venda cli#0,venda,232.95
21/08/25,10:59,Venda balcao,venda,178.53
21/08/25,11:00,Venda cli#0,venda,86.4
21/08/25,11:23,Venda balcao,venda,1067.58
21/08/25,11:38,Venda cli#0,venda,148.06
21/08/25,11:59,Venda cli#0,venda,16.51
21/08/25,12:24,Venda cli#0,venda,26.99
21/08/25,12:28,Venda cli#0,venda,36.4
21/08/25,13:04,Venda cli#0,venda,32.0
21/08/25,15:04,Venda cli#0,venda,112.97
21/08/25,16:28,Venda cli#0,venda,130.39
21/08/25,17:31,Venda cli#0,venda,10.0
21/08/25,17:31,Troco Venda cli#0,troco,-3.34
21/08/25,17:31,Venda cli#0,venda,6.66
21/08/25,17:48,FEC: Falta dinheiro no ca,outro,-3244.77
22/08/25,09:57,Venda cli#0,venda,75.57
22/08/25,10:01,Venda cli#0,venda,89.24
22/08/25,10:11,Venda cli#0,venda,309.76
22/08/25,10:24,Venda cli#0,venda,29.98
22/08/25,11:24,Venda cli#0,venda,32.99
22/08/25,11:56,Venda cli#0,venda,32.33
22/08/25,13:07,Venda cli#0,venda,225.4
22/08/25,14:35,Venda cli#0,venda,53.47
22/08/25,15:24,Venda cli#0,venda,13.8
22/08/25,15:46,Venda cli#0,venda,61.98
22/08/25,16:43,Venda cli#0,venda,14.98
22/08/25,17:37,FEC: Falta dinheiro no ca,outro,-939.5
23/08/25,11:15,Venda cli#0,venda,205.57
23/08/25,14:19,FEC: Falta dinheiro no ca,outro,-205.57
25/08/25,10:20,Venda cli#0,venda,100.57
25/08/25,10:29,Venda cli#0,venda,19.53
25/08/25,10:41,Venda cli#0,venda,265.21
25/08/25,10:57,Venda cli#0,venda,123.75
25/08/25,10:58,Venda cli#0,venda,206.58
25/08/25,11:03,Venda cli#0,venda,20.0
25/08/25,11:03,Troco Venda cli#0,troco,-7.92
25/08/25,11:03,Venda cli#0,venda,12.08
25/08/25,11:05,"Venda balcao Desc=2,00",venda,229.68
25/08/25,11:15,Venda cli#0,venda,104.0
25/08/25,11:30,Venda cli#0,venda,130.37
25/08/25,11:52,Venda cli#0,venda,7.0
25/08/25,11:52,Troco Venda cli#0,troco,-1.01
25/08/25,11:52,Venda cli#0,venda,5.99
25/08/25,12:05,Venda cli#0,venda,36.08
25/08/25,12:17,Venda balcao,venda,484.38
25/08/25,12:32,Venda cli#0,venda,21.8
25/08/25,13:11,Venda cli#0,venda,4.38
25/08/25,13:30,Venda cli#0,venda,33.0
25/08/25,14:30,Venda cli#0,venda,87.61
25/08/25,15:11,Venda cli#0,venda,20.1
25/08/25,15:20,Venda cli#0,venda,254.16
25/08/25,15:39,Venda cli#0,venda,21.5
25/08/25,16:14,Venda cli#0,venda,49.98
25/08/25,17:07,Venda cli#0,venda,47.14
25/08/25,17:27,Venda cli#0,venda,6.04
25/08/25,17:41,Venda cli#0,venda,30.0
25/08/25,17:41,Troco Venda cli#0,troco,-3.51
25/08/25,17:41,Venda cli#0,venda,26.49
25/08/25,17:45,Venda cli#0,venda,40.0
25/08/25,17:45,Troco Venda cli#0,troco,-11.92
25/08/25,17:45,Venda cli#0,venda,28.08
25/08/25,17:49,Venda cli#0,venda,42.0
25/08/25,17:49,Troco Venda cli#0,troco,-0.32
25/08/25,17:49,Venda cli#0,venda,41.68
25/08/25,18:20,FEC: Falta dinheiro no ca,outro,-2474.5
26/08/25,10:19,Venda cli#0,venda,209.73
26/08/25,10:37,Venda cli#0,venda,18.99
26/08/25,10:51,Venda cli#0,venda,224.91
26/08/25,10:56,Venda cli#0,venda,20.0
26/08/25,10:56,Troco Venda cli#0,troco,-2.66
26/08/25,10:56,Venda cli#0,venda,17.34
26/08/25,10:58,Venda cli#0,venda,399.11
26/08/25,11:04,Venda cli#0,venda,266.34
26/08/25,11:06,Venda balcao,venda,156.51
26/08/25,12:23,Venda cli#0,venda,76.57
26/08/25,12:26,Venda cli#0,venda,9.99
26/08/25,12:37,Venda cli#0,venda,41.99
26/08/25,12:57,Venda cli#0,venda,572.4
26/08/25,13:05,Venda cli#0,venda,17.11
26/08/25,13:17,Venda cli#0,venda,29.63
26/08/25,13:22,Venda cli#0,venda,309.09
26/08/25,13:35,"Venda balcao Desc=29,45",venda,559.55
26/08/25,13:43,Venda cli#0,venda,80.99
26/08/25,14:17,"Venda cli#0 Desc=24,00",venda,115.74
26/08/25,14:44,Venda cli#0,venda,20.0
26/08/25,14:59,Venda cli#0,venda,27.8
26/08/25,15:39,Venda cli#0,venda,121.89
26/08/25,15:42,Venda balcao,venda,265.52
26/08/25,15:50,Venda cli#0,venda,92.95
26/08/25,16:01,Venda balcao,venda,878.99
26/08/25,16:08,Venda cli#0,venda,100.0
26/08/25,16:08,Troco Venda cli#0,troco,-40.68
26/08/25,16:08,Venda cli#0,venda,59.32
26/08/25,16:09,Venda cli#0,venda,20.0
26/08/25,16:09,Troco Venda cli#0,troco,-6.1
26/08/25,16:09,Venda cli#0,venda,13.9
26/08/25,16:39,Venda cli#0,venda,79.82
26/08/25,16:41,Venda cli#0,venda,136.26
26/08/25,16:45,Venda balcao,venda,571.93
26/08/25,17:41,Venda cli#0,venda,9.01
26/08/25,18:03,FEC: Falta dinheiro no ca,outro,-5473.94
27/08/25,09:44,Venda cli#0,venda,14.1
27/08/25,10:24,Venda cli#0,venda,40.6
27/08/25,10:43,Venda cli#0,venda,184.24
27/08/25,10:46,Venda balcao,venda,110.08
27/08/25,10:47,Venda cli#0,venda,6.02
27/08/25,11:14,Venda cli#0,venda,136.33
27/08/25,11:36,Venda cli#0,venda,10.0
27/08/25,11:36,Troco Venda cli#0,troco,-2.0
27/08/25,11:36,Venda cli#0,venda,8.0
27/08/25,12:18,Venda cli#0,venda,517.52
27/08/25,12:23,Venda cli#0,venda,23.8
27/08/25,12:44,Venda cli#0,venda,25.99
27/08/25,12:53,Venda cli#0,venda,27.08
27/08/25,13:05,Venda cli#0,venda,232.05
27/08/25,13:10,Venda cli#0,venda,11.49
27/08/25,14:13,Venda cli#0,venda,143.0
27/08/25,14:16,Venda cli#0,venda,24.0
27/08/25,14:57,Venda cli#0,venda,20.0
27/08/25,15:31,Venda balcao,venda,21.8
27/08/25,16:22,Venda balcao,venda,85.8
27/08/25,17:12,Venda cli#0,venda,25.9
27/08/25,17:18,Venda cli#0,venda,79.69
27/08/25,17:21,Venda cli#0,venda,43.8
27/08/25,17:30,Venda cli#0,venda,5.79
27/08/25,19:14,FEC: Falta dinheiro no ca,outro,-1795.08
28/08/25,09:29,Venda cli#0,venda,39.96
28/08/25,10:14,Venda cli#0,venda,89.89
28/08/25,10:47,Venda cli#0,venda,50.0
28/08/25,10:47,Troco Venda cli#0,troco,-12.64
28/08/25,10:47,Venda cli#0,venda,37.36
28/08/25,11:11,Venda cli#0,venda,106.07
28/08/25,11:20,Venda cli#0,venda,96.0
28/08/25,11:32,Venda cli#0,venda,191.71
28/08/25,11:57,Venda cli#0,venda,241.95
28/08/25,11:59,Venda cli#0,venda,93.66
28/08/25,12:05,Venda cli#0,venda,348.55
28/08/25,12:09,Venda cli#0,venda,147.74
28/08/25,12:14,Venda balcao,venda,105.76
28/08/25,13:36,Venda cli#0,venda,104.7
28/08/25,17:39,FEC: Falta dinheiro no ca,outro,-1640.71
28/08/25,18:03,Venda cli#0,venda,8.0
29/08/25,10:07,Venda cli#0,venda,17.69
29/08/25,10:11,Venda cli#0,venda,118.79
29/08/25,10:16,Venda cli#0,venda,36.08
29/08/25,10:43,Venda cli#0,venda,105.6
29/08/25,10:45,Venda cli#0,venda,155.4
29/08/25,10:50,Venda balcao,venda,303.2
29/08/25,11:03,Venda cli#0,venda,262.07
29/08/25,12:10,Venda cli#0,venda,365.56
29/08/25,12:50,Venda cli#0,venda,100.0
29/08/25,12:50,Troco Venda cli#0,troco,-57.0
29/08/25,12:50,Venda cli#0,venda,43.0
29/08/25,14:28,Venda cli#0,venda,96.45
29/08/25,14:58,Venda cli#0,venda,68.0
29/08/25,16:04,Venda cli#0,venda,24.9
29/08/25,16:19,Venda cli#0,venda,61.8
29/08/25,16:21,Venda cli#0,venda,93.1
29/08/25,18:00,FEC: Falta dinheiro no ca,outro,-1802.64
30/08/25,11:21,Venda cli#0,venda,32.9
30/08/25,14:27,FEC: Falta dinheiro no ca,outro,-32.9
01/09/25,10:32,Venda cli#0,venda,170.31
01/09/25,10:42,Venda cli#0,venda,211.76
01/09/25,10:56,Venda cli#0,venda,76.79
01/09/25,11:06,Venda cli#0,venda,382.65
01/09/25,11:21,Venda balcao,venda,142.7
01/09/25,12:15,Venda cli#0,venda,50.0
01/09/25,12:16,Venda cli#0,venda,40.06
01/09/25,13:04,Venda cli#0,venda,25.19
01/09/25,14:17,Venda cli#0,venda,243.45
01/09/25,16:03,Venda cli#0,venda,50.0
01/09/25,16:03,Troco Venda cli#0,troco,-37.59
01/09/25,16:03,Venda cli#0,venda,12.41
01/09/25,16:05,Venda cli#0,venda,232.51
01/09/25,16:10,Venda cli#0,venda,12.0
01/09/25,16:20,Venda cli#0,venda,69.67
01/09/25,16:30,Venda cli#0,venda,50.0
01/09/25,16:30,Troco Venda cli#0,troco,-12.65
01/09/25,16:30,Venda cli#0,venda,37.35
01/09/25,16:57,Venda cli#0,venda,17.99
01/09/25,17:17,Venda cli#0,venda,90.3
01/09/25,17:28,Venda cli#0,venda,64.32
01/09/25,17:41,Venda cli#0,venda,117.31
01/09/25,18:04,Venda cli#0,venda,77.2
01/09/25,18:12,FEC: Falta dinheiro no ca,outro,-2123.73
02/09/25,09:44,Venda balcao,venda,99.3
02/09/25,10:06,Venda cli#0,venda,749.67
02/09/25,10:09,Venda cli#0,venda,139.57
02/09/25,10:16,Venda cli#0,venda,317.41
02/09/25,10:20,Venda cli#0,venda,161.3
02/09/25,10:29,Venda cli#0,venda,50.0
02/09/25,10:35,Venda cli#0,venda,495.5
02/09/25,10:43,Venda cli#0,venda,117.85
02/09/25,10:49,Venda cli#0,venda,6.99
02/09/25,10:52,Venda cli#0,venda,57.35
02/09/25,10:56,Venda cli#0,venda,42.07
02/09/25,11:03,Venda cli#0,venda,43.78
02/09/25,11:11,Venda cli#0,venda,70.89
02/09/25,11:20,"Venda balcao Desc=20,00",venda,380.05
02/09/25,11:37,Venda cli#0,venda,16.87
02/09/25,11:53,Venda balcao,venda,115.01
02/09/25,12:13,Venda balcao,venda,455.74
02/09/25,12:15,Venda cli#0,venda,31.99
02/09/25,12:22,Venda cli#0,venda,185.41
02/09/25,12:25,Venda cli#0,venda,184.06
02/09/25,14:40,Venda cli#0,venda,25.64
02/09/25,14:42,Venda cli#0,venda,100.0
02/09/25,14:42,Troco Venda cli#0,troco,-64.91
02/09/25,14:42,Venda cli#0,venda,35.09
02/09/25,15:23,Venda cli#0,venda,224.7
02/09/25,15:50,Venda cli#0,venda,327.2
02/09/25,16:00,Venda cli#0,venda,20.09
02/09/25,16:02,Venda balcao,venda,291.97
02/09/25,16:07,Venda cli#0,venda,22.1
02/09/25,16:39,Venda cli#0,venda,30.99
02/09/25,17:06,Venda cli#0,venda,64.72
02/09/25,18:00,FEC: Falta dinheiro no ca,outro,-4798.4
02/09/25,18:11,Venda cli#0,venda,8.63
02/09/25,18:15,Venda cli#0,venda,92.59
03/09/25,09:10,Venda cli#0,venda,27.08
03/09/25,09:17,Venda cli#0,venda,130.04
03/09/25,09:22,Venda cli#0,venda,177.29
03/09/25,09:26,Venda cli#0,venda,81.72
03/09/25,09:32,Venda cli#0,venda,31.85
03/09/25,10:13,Venda cli#0,venda,88.59
03/09/25,10:25,Venda cli#0,venda,76.0
03/09/25,10:58,Venda cli#0,venda,14.1
03/09/25,11:59,Venda cli#0,venda,129.25
03/09/25,12:38,Venda cli#0,venda,199.48
03/09/25,13:13,Venda cli#0,venda,14.0
03/09/25,13:17,Venda cli#0,venda,359.82
03/09/25,14:11,Venda cli#0,venda,68.8
03/09/25,14:16,Venda cli#0,venda,22.08
03/09/25,14:45,Venda cli#0,venda,87.34
03/09/25,14:52,Venda cli#0,venda,13.1
03/09/25,15:44,Venda cli#0,venda,27.0
03/09/25,15:44,Troco Venda cli#0,troco,-1.74
03/09/25,15:44,Venda cli#0,venda,25.26
03/09/25,15:53,Venda balcao,venda,132.14
03/09/25,16:03,Venda cli#0,venda,28.1
03/09/25,16:04,Venda cli#0,venda,22.6
03/09/25,16:10,Venda cli#0,venda,13.85
03/09/25,16:48,Venda cli#0,venda,53.3
03/09/25,16:49,Venda cli#0,venda,17.0
03/09/25,16:49,Troco Venda cli#0,troco,-0.1
03/09/25,16:49,Venda cli#0,venda,16.9
03/09/25,17:56,Venda cli#0,venda,22.6
03/09/25,18:42,FEC: Falta dinheiro no ca,outro,-1978.67
04/09/25,09:40,Venda cli#0,venda,49.98
04/09/25,10:18,Venda cli#0,venda,285.42
04/09/25,10:21,Venda cli#0,venda,24.99
04/09/25,10:23,Venda cli#0,venda,134.86
04/09/25,11:02,"Venda cli#0 Desc=31,98",venda,14.89
04/09/25,11:09,Venda cli#0,venda,487.28
04/09/25,11:38,Venda balcao,venda,188.96
04/09/25,11:54,Venda cli#0,venda,79.3
04/09/25,12:09,Venda cli#0,venda,15.0
04/09/25,12:09,Troco Venda cli#0,troco,-1.02
04/09/25,12:09,Venda cli#0,venda,13.98
04/09/25,12:16,Venda cli#0,venda,20.0
04/09/25,12:16,Troco Venda cli#0,troco,-3.02
04/09/25,12:16,Venda cli#0,venda,16.98
04/09/25,14:56,Venda cli#0,venda,65.0
04/09/25,15:11,Venda balcao,venda,179.59
04/09/25,16:51,Venda cli#0,venda,55.64
04/09/25,18:07,FEC: Falta dinheiro no ca,outro,-1627.83
05/09/25,09:17,Venda cli#0,venda,16.0
05/09/25,10:11,Venda cli#0,venda,13.78
05/09/25,10:14,Venda cli#0,venda,88.8
05/09/25,10:19,Venda cli#0,venda,157.03
05/09/25,10:34,Venda cli#0,venda,20.0
05/09/25,10:34,Troco Venda cli#0,troco,-6.02
05/09/25,10:34,Venda cli#0,venda,13.98
05/09/25,10:38,Venda cli#0,venda,125.42
05/09/25,10:52,Venda cli#0,venda,150.35
05/09/25,13:03,Venda cli#0,venda,178.48
05/09/25,13:03,Venda cli#0,venda,100.0
05/09/25,13:03,Troco Venda cli#0,troco,-92.01
05/09/25,13:03,Venda cli#0,venda,7.99
05/09/25,13:37,Venda cli#0,venda,86.74
05/09/25,13:41,Venda cli#0,venda,16.45
05/09/25,13:54,Venda cli#0,venda,55.0
05/09/25,14:01,Venda cli#0,venda,188.63
05/09/25,17:22,Venda cli#0,venda,37.38
05/09/25,17:24,FEC: Falta dinheiro no ca,outro,-1158.0
06/09/25,13:11,Venda cli#0,venda,150.59
06/09/25,14:14,FEC: Falta dinheiro no ca,outro,-150.59
08/09/25,09:46,Venda cli#0,venda,20.0
08/09/25,09:46,Troco Venda cli#0,troco,-10.0
08/09/25,09:46,Venda cli#0,venda,10.0
08/09/25,09:52,Venda cli#0,venda,22.58
08/09/25,09:58,Venda cli#0,venda,147.87
08/09/25,10:06,Venda cli#0,venda,37.1
08/09/25,10:16,Venda cli#0,venda,73.07
08/09/25,10:23,Venda cli#0,venda,199.69
08/09/25,10:33,Venda cli#0,venda,296.55
08/09/25,10:53,Venda cli#0,venda,421.2
08/09/25,11:24,Venda cli#0,venda,164.81
08/09/25,11:42,Venda balcao,venda,273.85
08/09/25,11:42,Venda cli#0,venda,91.6
08/09/25,11:59,Venda cli#0,venda,13.9
08/09/25,12:02,Venda cli#0,venda,14.76
08/09/25,13:07,Venda cli#0,venda,101.29
08/09/25,14:13,Venda cli#0,venda,324.1
08/09/25,14:24,Venda cli#0,venda,50.0
08/09/25,14:24,Troco Venda cli#0,troco,-22.03
08/09/25,14:24,Venda cli#0,venda,27.97
08/09/25,14:25,Venda cli#0,venda,20.0
08/09/25,14:25,Troco Venda cli#0,troco,-11.5
08/09/25,14:25,Venda cli#0,venda,8.5
08/09/25,15:03,Venda cli#0,venda,10.5
08/09/25,15:59,Venda cli#0,venda,26.1
08/09/25,16:42,Venda cli#0,venda,12.24
08/09/25,16:43,Venda cli#0,venda,20.08
08/09/25,16:45,Venda balcao,venda,337.29
08/09/25,16:47,Venda balcao,venda,9.9
08/09/25,16:57,Venda balcao,venda,981.47
08/09/25,17:00,Venda balcao,venda,474.86
08/09/25,17:03,Venda cli#0,venda,156.63
08/09/25,17:27,Venda cli#0,venda,97.31
08/09/25,18:41,FEC: Falta dinheiro no ca,outro,-4401.69
09/09/25,09:38,Venda cli#0,venda,185.76
09/09/25,09:43,Venda cli#0,venda,4.0
09/09/25,09:43,Troco Venda cli#0,troco,-0.17
09/09/25,09:43,Venda cli#0,venda,3.83
09/09/25,10:01,Venda cli#0,venda,60.24
09/09/25,10:08,Venda cli#0,venda,41.94
09/09/25,10:10,Venda cli#0,venda,353.24
09/09/25,10:32,Venda cli#0,venda,20.0
09/09/25,10:34,Venda cli#0,venda,20.0
09/09/25,10:38,Venda cli#0,venda,210.95
09/09/25,10:41,Venda cli#0,venda,28.19
09/09/25,10:47,Venda cli#0,venda,228.11
09/09/25,11:00,Venda balcao,venda,136.1
09/09/25,11:20,Venda cli#0,venda,225.15
09/09/25,11:23,Venda cli#0,venda,255.12
09/09/25,12:04,Venda cli#0,venda,195.25
09/09/25,12:05,Venda balcao,venda,190.93
09/09/25,12:41,Venda cli#0,venda,113.2
09/09/25,13:00,Venda cli#0,venda,142.32
09/09/25,13:14,Venda cli#0,venda,92.9
09/09/25,13:25,Venda cli#0,venda,116.99
09/09/25,13:40,Venda cli#0,venda,10.0
09/09/25,13:40,Troco Venda cli#0,troco,-3.0
09/09/25,13:40,Venda cli#0,venda,7.0
09/09/25,14:51,Venda cli#0,venda,45.8
09/09/25,15:35,Venda balcao,venda,141.62
09/09/25,15:44,Venda cli#0,venda,287.81
09/09/25,16:18,Venda cli#0,venda,6.99
09/09/25,16:33,Venda cli#0,venda,20.0
09/09/25,16:34,Venda cli#0,venda,42.89
09/09/25,17:03,Venda cli#0,venda,87.57
09/09/25,17:17,Venda cli#0,venda,131.14
09/09/25,18:28,FEC: Falta dinheiro no ca,outro,-3401.87
10/09/25,09:23,Venda cli#0,venda,122.1
10/09/25,09:58,Venda cli#0,venda,7.0
10/09/25,10:04,Venda cli#0,venda,144.84
10/09/25,10:11,Venda cli#0,venda,151.52
10/09/25,10:23,Venda cli#0,venda,22.5
10/09/25,10:26,Venda cli#0,venda,55.88
10/09/25,10:43,Venda cli#0,venda,18.1
10/09/25,11:29,Venda cli#0,venda,225.18
10/09/25,11:49,Venda cli#0,venda,28.1
10/09/25,15:50,Venda cli#0,venda,232.73
10/09/25,16:12,Venda cli#0,venda,358.75
10/09/25,16:26,Venda cli#0,venda,55.51
10/09/25,16:38,Venda balcao,venda,281.59
10/09/25,16:57,Venda cli#0,venda,29.9
10/09/25,17:07,Venda cli#0,venda,110.0
10/09/25,17:27,Venda cli#0,venda,50.0
10/09/25,17:27,Troco Venda cli#0,troco,-17.0
10/09/25,17:27,Venda cli#0,venda,33.0
10/09/25,17:31,Venda cli#0,venda,100.0
10/09/25,17:31,Troco Venda cli#0,troco,-67.8
10/09/25,17:31,Venda cli#0,venda,32.2
10/09/25,18:57,FEC: Falta dinheiro no ca,outro,-1974.1
11/09/25,09:03,Venda balcao,venda,18.0
11/09/25,10:34,Venda cli#0,venda,10.0
11/09/25,10:34,Troco Venda cli#0,troco,-3.91
11/09/25,10:34,Venda cli#0,venda,6.09
11/09/25,11:18,Venda cli#0,venda,437.08
11/09/25,12:57,Venda cli#0,venda,71.79
11/09/25,13:44,Venda cli#0,venda,221.05
11/09/25,15:45,Venda cli#0,venda,14.0
11/09/25,16:04,Venda cli#0,venda,164.72
11/09/25,16:47,Venda cli#0,venda,17.99
11/09/25,16:58,Venda cli#0,venda,111.8
11/09/25,17:19,Venda cli#0,venda,136.44
11/09/25,17:57,Venda cli#0,venda,5.89
11/09/25,18:03,FEC: Falta dinheiro no ca,outro,-1210.94
12/09/25,09:35,Venda cli#0,venda,8.0
12/09/25,10:03,Venda cli#0,venda,306.57
12/09/25,10:22,Venda cli#0,venda,20.0
12/09/25,10:30,Venda cli#0,venda,288.97
12/09/25,10:31,Venda cli#0,venda,18.08
12/09/25,10:56,Venda balcao,venda,123.96
12/09/25,11:12,Venda cli#0,venda,59.52
12/09/25,11:22,"Venda cli#0 Desc=0,50",venda,19.5
12/09/25,11:31,Venda cli#0,venda,40.08
12/09/25,11:53,Venda cli#0,venda,13.78
12/09/25,13:46,Venda cli#0,venda,96.87
12/09/25,15:05,Venda cli#0,venda,115.58
12/09/25,15:09,Venda cli#0,venda,57.09
12/09/25,15:34,Venda cli#0,venda,46.49
12/09/25,16:49,Venda cli#0,venda,63.9
12/09/25,16:52,Venda cli#0,venda,20.0
12/09/25,16:52,Troco Venda cli#0,troco,-16.5
12/09/25,16:52,Venda cli#0,venda,3.5
12/09/25,17:59,FEC: Falta dinheiro no ca,outro,-1285.39
13/09/25,11:44,Venda cli#0,venda,4.2
13/09/25,12:18,Venda cli#0,venda,100.0
13/09/25,12:18,Troco Venda cli#0,troco,-55.0
13/09/25,12:18,Venda cli#0,venda,45.0
13/09/25,12:44,Venda cli#0,venda,136.27
13/09/25,12:59,Venda cli#0,venda,17.6
13/09/25,14:17,Venda cli#0,venda,7.99
13/09/25,14:17,FEC: Falta dinheiro no ca,outro,-256.06
15/09/25,09:27,Venda cli#0,venda,30.97
15/09/25,10:50,Venda cli#0,venda,20.0
15/09/25,10:50,Troco Venda cli#0,troco,-6.01
15/09/25,10:50,Venda cli#0,venda,13.99
15/09/25,10:55,Venda cli#0,venda,78.12
15/09/25,11:00,Venda cli#0,venda,7.66
15/09/25,11:00,"Venda cli#0 Desc=10,00",venda,332.87
15/09/25,11:18,Venda balcao,venda,312.57
15/09/25,12:17,Venda cli#0,venda,30.0
15/09/25,12:32,Venda cli#0,venda,204.08
15/09/25,12:40,Venda cli#0,venda,30.08
15/09/25,14:48,Venda cli#0,venda,46.0
15/09/25,14:49,Venda cli#0,venda,2.12
15/09/25,15:28,Venda cli#0,venda,16.1
15/09/25,15:47,Venda cli#0,venda,270.28
15/09/25,15:51,Venda cli#0,venda,18.09
15/09/25,16:37,Venda cli#0,venda,81.42
15/09/25,16:47,Venda cli#0,venda,195.18
15/09/25,16:57,Venda cli#0,venda,282.74
15/09/25,17:02,Venda balcao,venda,422.83
15/09/25,17:07,Venda cli#0,venda,202.99
15/09/25,17:14,Venda balcao,venda,222.22
15/09/25,18:20,Venda cli#0,venda,41.9
15/09/25,18:35,FEC: Falta dinheiro no ca,outro,-2856.2
16/09/25,09:04,Venda cli#0,venda,53.65
16/09/25,09:12,Venda cli#0,venda,13.9
16/09/25,09:23,Venda cli#0,venda,10.1
16/09/25,09:23,Troco Venda cli#0,troco,-3.0
16/09/25,09:23,Venda cli#0,venda,7.1
16/09/25,09:44,Venda cli#0,venda,206.01
16/09/25,09:50,Venda cli#0,venda,38.08
16/09/25,09:56,Venda cli#0,venda,105.2
16/09/25,10:11,Venda cli#0,venda,96.96
16/09/25,10:13,Venda cli#0,venda,100.0
16/09/25,10:13,Troco Venda cli#0,troco,-39.83
16/09/25,10:13,Venda cli#0,venda,60.17
16/09/25,10:19,Venda cli#0,venda,50.0
16/09/25,10:19,Troco Venda cli#0,troco,-2.02
16/09/25,10:19,Venda cli#0,venda,47.98
16/09/25,10:23,Venda cli#0,venda,190.44
16/09/25,10:26,Venda cli#0,venda,584.49
16/09/25,11:20,Venda cli#0,venda,30.69
16/09/25,11:37,Venda balcao,venda,122.68
16/09/25,11:41,Venda cli#0,venda,162.3
16/09/25,11:50,Venda cli#0,venda,79.2
16/09/25,11:51,Venda cli#0,venda,512.28
16/09/25,12:09,Venda cli#0,venda,168.58
16/09/25,12:10,Venda cli#0,venda,215.71
16/09/25,12:12,Venda cli#0,venda,147.66
16/09/25,12:21,Venda cli#0,venda,236.32
16/09/25,12:23,Venda cli#0,venda,196.89
16/09/25,12:27,Venda cli#0,venda,186.71
16/09/25,12:39,Venda cli#0,venda,310.34
16/09/25,12:53,Venda cli#0,venda,20.0
16/09/25,12:53,Troco Venda cli#0,troco,-2.73
16/09/25,12:53,Venda cli#0,venda,17.27
16/09/25,13:25,Venda balcao,venda,965.32
16/09/25,13:39,"Venda balcao Desc=26,32",venda,500.02
16/09/25,14:07,Venda cli#0,venda,39.21
16/09/25,15:17,Venda cli#0,venda,15.49
16/09/25,16:07,Venda cli#0,venda,55.16
16/09/25,16:08,Venda balcao,venda,170.87
16/09/25,17:04,Venda cli#0,venda,24.48
16/09/25,17:51,Venda cli#0,venda,100.0
16/09/25,17:51,Troco Venda cli#0,troco,-69.87
16/09/25,17:51,Venda cli#0,venda,30.13
16/09/25,17:57,Venda cli#0,venda,70.77
16/09/25,18:24,FEC: Falta dinheiro no ca,outro,-5824.71
17/09/25,09:06,Venda cli#0,venda,35.0
17/09/25,09:30,Venda cli#0,venda,22.27
17/09/25,10:06,Venda cli#0,venda,72.29
17/09/25,10:18,Venda cli#0,venda,10.04
17/09/25,10:28,Venda cli#0,venda,57.13
17/09/25,10:32,Venda cli#0,venda,271.13
17/09/25,10:38,Venda cli#0,venda,580.25
17/09/25,10:51,Venda cli#0,venda,50.0
17/09/25,10:51,Troco Venda cli#0,troco,-4.1
17/09/25,10:51,Venda cli#0,venda,45.9
17/09/25,11:10,Venda cli#0,venda,9.98
17/09/25,11:11,Venda cli#0,venda,40.39
17/09/25,11:39,Venda cli#0,venda,24.09
17/09/25,12:02,Venda cli#0,venda,37.27
17/09/25,12:42,Venda cli#0,venda,198.07
17/09/25,13:02,Venda cli#0,venda,29.39
17/09/25,13:26,Venda cli#0,venda,74.88
17/09/25,13:54,Venda cli#0,venda,223.26
17/09/25,15:58,Venda cli#0,venda,115.46
17/09/25,16:58,Venda cli#0,venda,162.47
17/09/25,17:02,Venda cli#0,venda,131.5
17/09/25,17:08,Venda cli#0,venda,66.02
17/09/25,18:09,Venda cli#0,venda,110.59
17/09/25,18:51,FEC: Falta dinheiro no ca,outro,-2363.28
18/09/25,09:32,Venda cli#0,venda,55.9
18/09/25,09:33,Venda cli#0,venda,124.7
18/09/25,09:34,Venda balcao,venda,26.88
18/09/25,09:36,Venda balcao,venda,233.57
18/09/25,09:37,Venda cli#0,venda,158.9
18/09/25,09:41,Venda cli#0,venda,7.0
18/09/25,09:46,Venda cli#0,venda,314.91
18/09/25,09:59,Venda cli#0,venda,45.25
18/09/25,10:04,Venda cli#0,venda,106.89
18/09/25,10:49,Venda cli#0,venda,152.15
18/09/25,11:03,Venda cli#0,venda,50.1
18/09/25,11:46,Venda cli#0,venda,135.18
18/09/25,12:57,Venda cli#0,venda,56.59
18/09/25,15:10,Venda cli#0,venda,34.27
18/09/25,16:17,"Venda cli#0 Desc=4,00",venda,73.88
18/09/25,17:57,Venda cli#0,venda,27.1
18/09/25,18:07,FEC: Falta dinheiro no ca,outro,-1603.27
19/09/25,10:21,Venda cli#0,venda,266.58
19/09/25,10:41,Venda cli#0,venda,496.72
19/09/25,10:47,Venda cli#0,venda,2.8
19/09/25,11:21,Venda cli#0,venda,80.14
19/09/25,11:41,Venda cli#0,venda,121.17
19/09/25,12:00,Venda cli#0,venda,20.0
19/09/25,12:00,Troco Venda cli#0,troco,-10.1
19/09/25,12:00,Venda cli#0,venda,9.9
19/09/25,12:12,Venda cli#0,venda,94.84
19/09/25,12:13,Venda cli#0,venda,14.98
19/09/25,12:20,Venda cli#0,venda,8.0
19/09/25,12:29,Venda cli#0,venda,47.5
19/09/25,13:40,Venda cli#0,venda,70.0
19/09/25,14:35,Venda cli#0,venda,51.96
19/09/25,14:36,Venda balcao,venda,106.69
19/09/25,16:18,Venda cli#0,venda,43.34
19/09/25,16:40,Venda cli#0,venda,29.89
19/09/25,17:11,FEC: Falta dinheiro no ca,outro,-1454.41
20/09/25,11:17,Venda cli#0,venda,65.71
20/09/25,13:03,Venda cli#0,venda,85.95
20/09/25,14:54,FEC: Falta dinheiro no ca,outro,-151.66
22/09/25,09:15,Venda cli#0,venda,20.0
22/09/25,09:15,Troco Venda cli#0,troco,-11.0
22/09/25,09:15,Venda cli#0,venda,9.0
22/09/25,10:23,Venda cli#0,venda,263.39
22/09/25,10:29,Venda cli#0,venda,451.83
22/09/25,10:38,Venda cli#0,venda,6.49
22/09/25,10:40,Venda cli#0,venda,289.09
22/09/25,10:41,Venda cli#0,venda,189.35
22/09/25,11:00,Venda cli#0,venda,132.3
22/09/25,11:00,Venda cli#0,venda,198.82
22/09/25,11:16,Venda cli#0,venda,175.53
22/09/25,11:34,Venda cli#0,venda,223.11
22/09/25,11:56,Venda cli#0,venda,25.99
22/09/25,11:57,Venda cli#0,venda,20.0
22/09/25,13:44,Venda cli#0,venda,28.08
22/09/25,14:27,Venda cli#0,venda,25.99
22/09/25,14:37,Venda balcao,venda,294.09
22/09/25,15:00,Venda cli#0,venda,29.1
22/09/25,15:13,Venda cli#0,venda,284.24
22/09/25,15:58,Venda cli#0,venda,90.15
22/09/25,16:08,Venda cli#0,venda,187.72
22/09/25,16:10,Venda cli#0,venda,218.71
22/09/25,16:37,Venda cli#0,venda,106.69
22/09/25,16:52,Venda cli#0,venda,10.0
22/09/25,16:52,Troco Venda cli#0,troco,-1.01
22/09/25,16:52,Venda cli#0,venda,8.99
22/09/25,17:25,Venda cli#0,venda,16.69
22/09/25,17:26,Venda balcao,venda,185.11
22/09/25,18:12,Venda cli#0,venda,6.99
22/09/25,18:25,FEC: Falta dinheiro no ca,outro,-3485.44
23/09/25,10:03,Venda cli#0,venda,232.68
23/09/25,10:23,Venda cli#0,venda,1297.58
23/09/25,10:30,Venda cli#0,venda,122.61
23/09/25,10:35,Venda balcao,venda,685.49
23/09/25,10:44,Venda cli#0,venda,17.98
23/09/25,10:46,Venda cli#0,venda,115.27
23/09/25,11:04,Venda cli#0,venda,10.99
23/09/25,11:29,Venda cli#0,venda,151.92
23/09/25,11:55,Venda cli#0,venda,356.82
23/09/25,12:04,Venda balcao,venda,235.14
23/09/25,12:05,Venda balcao,venda,87.09
23/09/25,12:08,Venda cli#0,venda,20.0
23/09/25,12:08,Troco Venda cli#0,troco,-12.01
23/09/25,12:08,Venda cli#0,venda,7.99
23/09/25,12:31,Venda balcao,venda,136.6
23/09/25,15:05,Venda cli#0,venda,19.99
23/09/25,15:12,Venda cli#0,venda,105.8
23/09/25,16:12,Venda cli#0,venda,48.1
23/09/25,16:26,Venda cli#0,venda,347.04
23/09/25,16:32,Venda balcao,venda,193.68
23/09/25,17:24,Venda cli#0,venda,15.33
23/09/25,17:51,Venda cli#0,venda,122.32
23/09/25,17:52,FEC: Falta dinheiro no ca,outro,-4318.41
24/09/25,10:04,Venda cli#0,venda,98.85
24/09/25,10:04,Venda cli#0,venda,64.69
24/09/25,10:08,Venda cli#0,venda,12.0
24/09/25,10:13,Venda cli#0,venda,19.46
24/09/25,10:28,Venda cli#0,venda,85.19
24/09/25,10:31,Venda cli#0,venda,92.32
24/09/25,10:41,Venda balcao,venda,107.07
24/09/25,10:50,Venda cli#0,venda,81.13
24/09/25,12:22,"Venda balcao Desc=26,15",venda,496.8
24/09/25,12:23,Venda cli#0,venda,34.09
24/09/25,13:15,Venda cli#0,venda,271.08
24/09/25,14:02,Venda cli#0,venda,84.49
24/09/25,14:16,Venda cli#0,venda,20.0
24/09/25,14:16,Troco Venda cli#0,troco,-4.51
24/09/25,14:16,Venda cli#0,venda,15.49
24/09/25,15:40,Venda cli#0,venda,77.53
24/09/25,16:25,Venda cli#0,venda,76.86
24/09/25,16:39,Venda cli#0,venda,300.72
24/09/25,16:56,Venda cli#0,venda,30.5
24/09/25,17:42,Venda cli#0,venda,147.28
24/09/25,18:09,Venda cli#0,venda,20.45
24/09/25,18:47,FEC: Falta dinheiro no ca,outro,-2131.49
25/09/25,10:01,Venda cli#0,venda,210.41
25/09/25,10:17,Venda cli#0,venda,75.0
25/09/25,10:36,Venda cli#0,venda,50.89
25/09/25,10:40,Venda cli#0,venda,10.0
25/09/25,10:40,Troco Venda cli#0,troco,-4.01
25/09/25,10:40,Venda cli#0,venda,5.99
25/09/25,11:49,Venda balcao,venda,121.24
25/09/25,17:37,FEC: Falta dinheiro no ca,outro,-469.52
26/09/25,09:31,Venda cli#0,venda,25.1
26/09/25,09:52,Venda cli#0,venda,153.48
26/09/25,10:32,Venda cli#0,venda,40.08
26/09/25,10:37,Venda cli#0,venda,172.41
26/09/25,10:44,Venda cli#0,venda,98.0
26/09/25,11:35,Venda cli#0,venda,19.58
26/09/25,11:46,Venda cli#0,venda,28.89
26/09/25,11:56,Venda cli#0,venda,214.18
26/09/25,12:42,Venda cli#0,venda,25.34
26/09/25,13:07,Venda cli#0,venda,48.25
26/09/25,13:09,Venda cli#0,venda,32.97
26/09/25,13:23,Venda cli#0,venda,21.0
26/09/25,13:26,Venda cli#0,venda,225.62
26/09/25,15:38,Venda cli#0,venda,5.99
26/09/25,16:35,Venda cli#0,venda,79.3
26/09/25,17:29,FEC: Falta dinheiro no ca,outro,-1190.19
27/09/25,11:33,Venda cli#0,venda,59.5
27/09/25,14:14,FEC: Falta dinheiro no ca,outro,-59.5
29/09/25,10:13,Venda cli#0,venda,65.61
29/09/25,10:53,Venda cli#0,venda,4.0
29/09/25,11:11,Venda cli#0,venda,228.77
29/09/25,11:21,Venda cli#0,venda,254.2
29/09/25,11:23,Venda cli#0,venda,173.89
29/09/25,11:49,Venda cli#0,venda,22.9
29/09/25,11:56,Venda cli#0,venda,148.43
29/09/25,12:00,Venda cli#0,venda,9.18
29/09/25,12:30,Venda cli#0,venda,50.0
29/09/25,12:30,Troco Venda cli#0,troco,-27.1
29/09/25,12:30,Venda cli#0,venda,22.9
29/09/25,12:42,Venda cli#0,venda,23.84
29/09/25,12:56,Venda cli#0,venda,45.97
29/09/25,12:59,Venda cli#0,venda,10.0
29/09/25,12:59,Troco Venda cli#0,troco,-0.01
29/09/25,12:59,Venda cli#0,venda,9.99
29/09/25,14:57,Venda cli#0,venda,20.0
29/09/25,14:57,Troco Venda cli#0,troco,-2.01
29/09/25,14:57,Venda cli#0,venda,17.99
29/09/25,16:25,Venda balcao,venda,230.82
29/09/25,16:40,Venda cli#0,venda,201.65
29/09/25,16:46,Venda cli#0,venda,136.14
29/09/25,17:04,Venda cli#0,venda,94.81
29/09/25,17:05,Venda cli#0,venda,70.22
29/09/25,18:10,FEC: Falta dinheiro no ca,outro,-1812.19
30/09/25,09:46,Venda cli#0,venda,16.5
30/09/25,09:53,Venda cli#0,venda,14.99
30/09/25,09:53,Venda cli#0,venda,47.25
30/09/25,10:01,Venda cli#0,venda,342.65
30/09/25,10:11,Venda cli#0,venda,93.38
30/09/25,10:13,Venda cli#0,venda,135.45
30/09/25,10:18,Venda cli#0,venda,209.53
30/09/25,10:28,Venda cli#0,venda,597.88
30/09/25,11:12,Venda cli#0,venda,203.4
30/09/25,11:13,Venda cli#0,venda,28.8
30/09/25,11:14,Venda cli#0,venda,246.76
30/09/25,11:15,Venda cli#0,venda,18.98
30/09/25,11:28,Venda cli#0,venda,130.83
30/09/25,11:29,Venda cli#0,venda,68.73
30/09/25,11:30,Venda cli#0,venda,146.97
30/09/25,11:44,Venda cli#0,venda,26.52
30/09/25,11:55,Venda balcao,venda,1044.63
30/09/25,11:57,Venda cli#0,venda,82.13
30/09/25,12:01,Venda cli#0,venda,528.01
30/09/25,12:13,Venda balcao,venda,504.78
30/09/25,12:20,Venda cli#0,venda,8.09
30/09/25,12:38,Venda cli#0,venda,24.0
30/09/25,14:15,Venda cli#0,venda,162.12
30/09/25,14:39,Venda cli#0,venda,211.54
30/09/25,14:57,Venda cli#0,venda,50.0
30/09/25,14:57,Troco Venda cli#0,troco,-35.22
30/09/25,14:57,Venda cli#0,venda,14.78
30/09/25,15:37,Venda cli#0,venda,67.73
30/09/25,15:52,Venda balcao,venda,204.63
30/09/25,16:00,Venda cli#0,venda,124.53
30/09/25,16:01,Venda cli#0,venda,114.53
30/09/25,16:04,Venda balcao,venda,121.58
30/09/25,16:49,Venda cli#0,venda,21.09
30/09/25,16:50,Venda cli#0,venda,16.0
30/09/25,16:50,Troco Venda cli#0,troco,-0.25
30/09/25,16:50,Venda cli#0,venda,15.75
30/09/25,17:00,Venda cli#0,venda,202.0
30/09/25,17:00,Troco Venda cli#0,troco,-100.76
30/09/25,17:00,Venda cli#0,venda,101.24
30/09/25,17:25,Venda cli#0,venda,12.6
30/09/25,18:19,FEC: Falta dinheiro no ca,outro,-5824.15
01/10/25,09:12,Venda balcao,venda,20.1
01/10/25,09:25,Venda cli#0,venda,48.16
01/10/25,09:39,Venda cli#0,venda,11.06
01/10/25,10:19,Venda cli#0,venda,188.67
01/10/25,11:08,Venda cli#0,venda,166.25
01/10/25,11:25,Venda balcao,venda,711.46
01/10/25,11:29,Venda balcao,venda,87.59
01/10/25,11:52,Venda cli#0,venda,8.0
01/10/25,12:15,Venda cli#0,venda,75.99
01/10/25,12:32,Venda cli#0,venda,24.64
01/10/25,12:41,Venda cli#0,venda,74.0
01/10/25,14:09,Venda cli#0,venda,13.75
01/10/25,14:35,Venda cli#0,venda,50.0
01/10/25,14:35,Troco Venda cli#0,troco,-21.6
01/10/25,14:35,Venda cli#0,venda,28.4
01/10/25,14:43,Venda balcao,venda,65.78
01/10/25,14:51,Venda cli#0,venda,14.16
01/10/25,15:34,Venda cli#0,venda,5.99
01/10/25,16:09,Venda cli#0,venda,25.0
01/10/25,16:09,Troco Venda cli#0,troco,-0.23
01/10/25,16:09,Venda cli#0,venda,24.77
01/10/25,16:31,Venda cli#0,venda,116.24
01/10/25,16:35,Venda cli#0,venda,9.7
01/10/25,16:36,Venda cli#0,venda,26.23
01/10/25,17:04,Venda cli#0,venda,128.82
01/10/25,17:07,Venda cli#0,venda,113.53
01/10/25,17:08,Venda balcao,venda,164.99
01/10/25,19:12,FEC: Falta dinheiro no ca,outro,-2181.45
02/10/25,09:27,Venda cli#0,venda,28.67
02/10/25,09:48,Venda cli#0,venda,29.34
02/10/25,10:04,Venda cli#0,venda,14.12
02/10/25,10:19,Venda cli#0,venda,349.62
02/10/25,10:27,Venda cli#0,venda,611.68
02/10/25,10:39,Venda cli#0,venda,12.08
02/10/25,10:56,Venda cli#0,venda,110.6
02/10/25,11:11,Venda cli#0,venda,106.11
02/10/25,11:23,Venda cli#0,venda,29.95
02/10/25,11:47,Venda cli#0,venda,18.4
02/10/25,11:48,Venda cli#0,venda,18.4
02/10/25,12:13,Venda cli#0,venda,20.0
02/10/25,12:13,Troco Venda cli#0,troco,-13.0
02/10/25,12:13,Venda cli#0,venda,7.0
02/10/25,12:23,Venda balcao,venda,151.18
02/10/25,13:17,Venda cli#0,venda,28.68
02/10/25,13:52,Venda cli#0,venda,22.9
02/10/25,14:08,Venda cli#0,venda,9.99
02/10/25,14:13,Venda cli#0,venda,188.49
02/10/25,14:43,Venda cli#0,venda,84.3
02/10/25,16:27,Venda balcao,venda,96.35
02/10/25,16:37,Venda cli#0,venda,13.98
02/10/25,17:05,Venda cli#0,venda,88.96
02/10/25,18:07,FEC: Falta dinheiro no ca,outro,-2027.8
03/10/25,10:29,Venda cli#0,venda,76.23
03/10/25,10:40,Venda cli#0,venda,71.73
03/10/25,10:49,Venda cli#0,venda,39.98
03/10/25,10:52,Venda balcao,venda,356.86
03/10/25,11:01,Venda cli#0,venda,40.75
03/10/25,11:14,Venda cli#0,venda,281.15
03/10/25,11:35,Venda cli#0,venda,255.94
03/10/25,11:38,Venda cli#0,venda,23.92
03/10/25,12:40,Venda cli#0,venda,19.99
03/10/25,13:01,Venda cli#0,venda,6.41
03/10/25,13:38,Venda cli#0,venda,46.7
03/10/25,14:58,Venda cli#0,venda,58.18
03/10/25,15:32,Venda cli#0,venda,186.46
03/10/25,16:04,Venda cli#0,venda,7.28
03/10/25,16:55,Venda cli#0,venda,41.09
03/10/25,17:24,FEC: Falta dinheiro no ca,outro,-1512.67
03/10/25,17:58,Venda cli#0,venda,103.14
04/10/25,11:32,Venda cli#0,venda,162.81
04/10/25,13:18,Venda cli#0,venda,10.17
04/10/25,14:58,FEC: Falta dinheiro no ca,outro,-276.12
06/10/25,09:16,Venda cli#0,venda,87.93
06/10/25,09:25,Venda cli#0,venda,7.09
06/10/25,09:33,Venda cli#0,venda,55.35
06/10/25,10:30,Venda cli#0,venda,165.97
06/10/25,10:35,Venda cli#0,venda,237.87
06/10/25,10:36,Venda cli#0,venda,225.62
06/10/25,10:38,Venda cli#0,venda,199.33
06/10/25,11:00,Venda cli#0,venda,186.95
06/10/25,11:02,Venda cli#0,venda,148.91
06/10/25,11:12,Venda balcao,venda,202.44
06/10/25,11:16,Venda cli#0,venda,110.41
06/10/25,11:25,Venda cli#0,venda,8.99
06/10/25,11:40,Venda cli#0,venda,98.24
06/10/25,11:46,Venda cli#0,venda,49.15
06/10/25,12:11,Venda cli#0,venda,6.0
06/10/25,12:26,Venda cli#0,venda,8.1
06/10/25,12:30,Venda cli#0,venda,9.98
06/10/25,13:47,Venda cli#0,venda,162.33
06/10/25,14:49,Venda cli#0,venda,104.0
06/10/25,14:49,Troco Venda cli#0,troco,-51.42
06/10/25,14:49,Venda cli#0,venda,52.58
06/10/25,15:40,Venda balcao,venda,218.32
06/10/25,16:31,Venda cli#0,venda,91.32
06/10/25,16:45,Venda balcao,venda,122.69
06/10/25,16:55,Venda cli#0,venda,105.36
06/10/25,17:01,Venda cli#0,venda,50.39
06/10/25,17:03,Venda cli#0,venda,138.84
06/10/25,17:06,Venda balcao,venda,271.58
06/10/25,17:09,Venda balcao,venda,65.8
06/10/25,17:09,Venda balcao,venda,32.9
06/10/25,17:11,Venda cli#0,venda,24.88
06/10/25,17:24,Venda cli#0,venda,20.0
06/10/25,17:24,Troco Venda cli#0,troco,-7.1
06/10/25,17:24,Venda cli#0,venda,12.9
06/10/25,17:50,Venda cli#0,venda,83.61
06/10/25,18:36,FEC: Falta dinheiro no ca,outro,-3307.31
07/10/25,10:07,Venda cli#0,venda,38.39
07/10/25,10:10,Venda cli#0,venda,485.76
07/10/25,10:17,Venda cli#0,venda,12.0
07/10/25,10:23,Venda cli#0,venda,508.52
07/10/25,10:28,Venda cli#0,venda,229.84
07/10/25,10:45,Venda cli#0,venda,26.07
07/10/25,10:58,Venda cli#0,venda,338.6
07/10/25,11:28,Venda cli#0,venda,18.08
07/10/25,11:34,Venda balcao,venda,188.55
07/10/25,11:36,Venda balcao,venda,498.05
07/10/25,11:53,Venda cli#0,venda,11.0
07/10/25,11:54,"Venda balcao Desc=25,75",venda,489.26
07/10/25,11:59,Venda cli#0,venda,77.89
07/10/25,12:02,Venda balcao,venda,131.47
07/10/25,12:03,Venda balcao,venda,125.25
07/10/25,12:28,Venda cli#0,venda,43.27
07/10/25,13:08,Venda cli#0,venda,260.53
07/10/25,13:12,Venda cli#0,venda,7.0
07/10/25,13:15,Venda cli#0,venda,50.0
07/10/25,13:15,Troco Venda cli#0,troco,-23.13
07/10/25,13:15,Venda cli#0,venda,26.87
07/10/25,13:19,Venda cli#0,venda,125.29
07/10/25,13:44,Venda cli#0,venda,279.52
07/10/25,14:56,Venda balcao,venda,198.58
07/10/25,15:05,Venda balcao,venda,817.96
07/10/25,16:35,Venda cli#0,venda,68.77
07/10/25,16:45,Venda cli#0,venda,84.58
07/10/25,17:28,FEC: Falta dinheiro no ca,outro,-5117.97
07/10/25,17:44,Venda cli#0,venda,85.2
07/10/25,18:25,Venda cli#0,venda,102.57
08/10/25,09:43,Venda cli#0,venda,26.99
08/10/25,11:10,Venda cli#0,venda,33.99
08/10/25,11:37,Venda cli#0,venda,107.58
08/10/25,12:24,Venda cli#0,venda,20.0
08/10/25,12:24,Troco Venda cli#0,troco,-6.9
08/10/25,12:24,Venda cli#0,venda,13.1
08/10/25,12:29,Venda cli#0,venda,233.4
08/10/25,12:41,Venda cli#0,venda,13.99
08/10/25,13:09,Venda cli#0,venda,58.8
08/10/25,14:28,Venda cli#0,venda,15.0
08/10/25,15:51,Venda cli#0,venda,40.99
08/10/25,15:55,Venda cli#0,venda,101.29
08/10/25,16:01,Venda balcao,venda,630.34
08/10/25,17:10,Venda cli#0,venda,76.5
08/10/25,17:23,Venda cli#0,venda,39.54
08/10/25,17:48,Venda cli#0,venda,35.75
08/10/25,17:50,Venda cli#0,venda,23.96
08/10/25,18:05,Venda cli#0,venda,116.72
08/10/25,18:34,Venda cli#0,venda,49.95
08/10/25,19:02,FEC: Falta dinheiro no ca,outro,-1818.76
09/10/25,09:13,Venda cli#0,venda,28.11
09/10/25,09:22,Venda cli#0,venda,73.03
09/10/25,09:39,Venda cli#0,venda,45.9
09/10/25,09:43,Venda balcao,venda,203.4
09/10/25,09:51,Venda cli#0,venda,207.67
09/10/25,10:04,Venda cli#0,venda,22.0
09/10/25,10:04,Troco Venda cli#0,troco,-0.08
09/10/25,10:04,Venda cli#0,venda,21.92
09/10/25,10:26,Venda cli#0,venda,38.53
09/10/25,10:27,Venda cli#0,venda,92.04
09/10/25,10:29,Venda cli#0,venda,30.0
09/10/25,10:44,Venda cli#0,venda,563.96
09/10/25,10:55,Venda balcao,venda,434.09
09/10/25,11:03,Venda cli#0,venda,3.6
09/10/25,11:06,Venda cli#0,venda,7.09
09/10/25,11:12,Venda cli#0,venda,30.05
09/10/25,12:03,Venda balcao,venda,95.46
09/10/25,12:46,Venda cli#0,venda,14.12
09/10/25,15:27,Venda cli#0,venda,91.15
09/10/25,15:54,Venda cli#0,venda,45.45
09/10/25,17:41,Venda cli#0,venda,76.21
09/10/25,18:19,FEC: Falta dinheiro no ca,outro,-2123.7
10/10/25,09:51,Venda cli#0,venda,26.89
10/10/25,10:30,Venda cli#0,venda,275.66
10/10/25,10:41,Venda cli#0,venda,152.34
10/10/25,11:08,Venda cli#0,venda,42.08
10/10/25,11:08,Venda cli#0,venda,19.74
10/10/25,11:50,Venda cli#0,venda,20.0
10/10/25,11:50,Troco Venda cli#0,troco,-13.01
10/10/25,11:50,Venda cli#0,venda,6.99
10/10/25,12:15,Venda cli#0,venda,50.0
10/10/25,12:15,Troco Venda cli#0,troco,-28.02
10/10/25,12:15,Venda cli#0,venda,21.98
10/10/25,12:31,Venda cli#0,venda,13.16
10/10/25,12:47,Venda cli#0,venda,45.45
10/10/25,13:07,Venda cli#0,venda,13.08
10/10/25,13:22,Venda cli#0,venda,45.69
10/10/25,14:26,Venda cli#0,venda,40.98
10/10/25,16:31,Venda cli#0,venda,49.42
10/10/25,17:10,Venda cli#0,venda,39.09
10/10/25,17:14,FEC: Falta dinheiro no ca,outro,-821.52
10/10/25,17:18,Venda cli#0,venda,68.1
10/10/25,17:40,Venda cli#0,venda,7.0
11/10/25,09:26,Venda cli#0,venda,28.98
11/10/25,09:26,Venda cli#0,venda,20.98
11/10/25,13:52,Venda cli#0,venda,247.1
11/10/25,14:23,FEC: Falta dinheiro no ca,outro,-372.16
13/10/25,09:37,Venda cli#0,venda,18.09
13/10/25,09:39,"Venda cli#0 Desc=1,50",venda,3.5
13/10/25,10:26,Venda cli#0,venda,18.09
13/10/25,10:49,Venda cli#0,venda,165.52
13/10/25,10:58,Venda cli#0,venda,156.32
13/10/25,11:10,Venda cli#0,venda,104.74
13/10/25,11:45,Venda balcao,venda,382.58
13/10/25,13:32,Venda cli#0,venda,58.24
13/10/25,13:38,Venda cli#0,venda,152.72
13/10/25,14:12,Venda cli#0,venda,54.95
13/10/25,14:17,Venda cli#0,venda,14.87
13/10/25,14:54,Venda cli#0,venda,41.4
13/10/25,14:55,Venda cli#0,venda,33.97
13/10/25,16:18,Venda balcao,venda,144.52
13/10/25,16:23,Venda balcao,venda,295.06
13/10/25,17:17,"Venda cli#0 Desc=12,91",venda,116.14
13/10/25,17:18,Venda cli#0,venda,104.0
13/10/25,17:18,Troco Venda cli#0,troco,-19.53
13/10/25,17:18,Venda cli#0,venda,84.47
13/10/25,17:25,Venda cli#0,venda,35.1
13/10/25,18:11,Venda cli#0,venda,13.99
13/10/25,18:20,Venda cli#0,venda,17.09
13/10/25,18:24,Venda cli#0,venda,31.8
13/10/25,18:31,FEC: Falta dinheiro no ca,outro,-2027.63
14/10/25,10:04,Venda cli#0,venda,118.9
14/10/25,10:06,Venda cli#0,venda,254.93
14/10/25,10:33,Venda cli#0,venda,205.13
14/10/25,10:40,Venda cli#0,venda,133.51
14/10/25,10:51,Venda cli#0,venda,14.38
14/10/25,11:04,Venda balcao,venda,73.29
14/10/25,11:29,Venda cli#0,venda,28.4
14/10/25,11:42,Venda cli#0,venda,201.67
14/10/25,11:47,Venda cli#0,venda,497.35
14/10/25,11:56,Venda cli#0,venda,20.32
14/10/25,12:00,Venda cli#0,venda,175.61
14/10/25,12:18,Venda cli#0,venda,118.8
14/10/25,12:20,Venda cli#0,venda,57.63
14/10/25,12:26,Venda cli#0,venda,387.95
14/10/25,12:32,Venda cli#0,venda,8.0
14/10/25,12:33,Venda balcao,venda,952.84
14/10/25,12:34,Venda cli#0,venda,52.9
14/10/25,13:07,Venda cli#0,venda,682.9
14/10/25,13:11,"Venda balcao Desc=23,98",venda,501.07
14/10/25,13:31,Venda cli#0,venda,443.1
14/10/25,13:55,Venda cli#0,venda,64.34
14/10/25,14:01,Venda cli#0,venda,54.02
14/10/25,15:26,Venda balcao,venda,482.41
14/10/25,15:31,Venda cli#0,venda,138.04
14/10/25,16:24,Venda cli#0,venda,54.94
14/10/25,16:50,Venda cli#0,venda,35.7
14/10/25,16:54,Venda cli#0,venda,8.0
14/10/25,17:07,Venda cli#0,venda,8.0
14/10/25,17:24,Venda cli#0,venda,177.66
14/10/25,17:40,Venda cli#0,venda,49.89
14/10/25,17:55,FEC: Falta dinheiro no ca,outro,-6001.68
14/10/25,18:08,Venda cli#0,venda,50.0
14/10/25,18:08,Troco Venda cli#0,troco,-36.0
14/10/25,18:08,Venda cli#0,venda,14.0
14/10/25,18:14,Venda cli#0,venda,23.99
15/10/25,09:31,Venda cli#0,venda,178.99
15/10/25,09:50,Venda cli#0,venda,173.48
15/10/25,09:59,Venda cli#0,venda,192.19
15/10/25,10:46,Venda cli#0,venda,69.83
15/10/25,10:55,Venda cli#0,venda,6.99
15/10/25,11:31,Venda cli#0,venda,186.96
15/10/25,12:29,Venda cli#0,venda,45.0
15/10/25,14:22,Venda cli#0,venda,125.27
15/10/25,15:19,Venda cli#0,venda,35.0
15/10/25,15:19,Troco Venda cli#0,troco,-0.2
15/10/25,15:19,Venda cli#0,venda,34.8
15/10/25,16:24,Venda cli#0,venda,15.0
15/10/25,16:41,Venda cli#0,venda,24.59
15/10/25,16:46,Venda balcao,venda,600.22
15/10/25,16:54,Venda cli#0,venda,38.16
15/10/25,17:18,Venda cli#0,venda,304.67
15/10/25,17:25,Venda cli#0,venda,50.0
15/10/25,17:25,Troco Venda cli#0,troco,-45.97
15/10/25,17:25,Venda cli#0,venda,4.03
15/10/25,17:41,Venda cli#0,venda,88.7
15/10/25,18:04,Venda cli#0,venda,70.14
15/10/25,18:13,Venda cli#0,venda,47.1
15/10/25,18:37,Venda cli#0,venda,6.93
15/10/25,18:37,FEC: Falta dinheiro no ca,outro,-2303.87
16/10/25,09:17,Venda cli#0,venda,6.99
16/10/25,09:39,Venda cli#0,venda,140.79
16/10/25,10:07,Venda cli#0,venda,317.82
16/10/25,10:19,Venda cli#0,venda,15.0
16/10/25,10:19,Troco Venda cli#0,troco,-3.02
16/10/25,10:19,Venda cli#0,venda,11.98
16/10/25,10:35,Venda cli#0,venda,68.99
16/10/25,10:41,Venda cli#0,venda,28.68
16/10/25,11:21,Venda cli#0,venda,38.1
16/10/25,11:23,Venda balcao,venda,245.14
16/10/25,11:33,Venda cli#0,venda,374.5
16/10/25,11:46,Venda cli#0,venda,57.4
16/10/25,12:04,Venda cli#0,venda,100.0
16/10/25,12:04,Troco Venda cli#0,troco,-32.93
16/10/25,12:04,Venda cli#0,venda,67.07
16/10/25,12:04,Venda cli#0,venda,100.0
16/10/25,12:04,Troco Venda cli#0,troco,-52.83
16/10/25,12:04,Venda cli#0,venda,47.17
16/10/25,13:27,Venda cli#0,venda,28.0
16/10/25,15:17,Venda cli#0,venda,50.0
16/10/25,15:17,Troco Venda cli#0,troco,-5.0
16/10/25,15:17,Venda cli#0,venda,45.0
16/10/25,17:37,Venda cli#0,venda,56.24
16/10/25,17:52,Venda cli#0,venda,103.16
16/10/25,17:53,FEC: Falta dinheiro no ca,outro,-1808.25
17/10/25,10:04,Venda cli#0,venda,217.05
17/10/25,10:14,Venda cli#0,venda,84.93
17/10/25,10:15,Venda cli#0,venda,97.65
17/10/25,10:38,Venda cli#0,venda,21.98
17/10/25,10:41,Venda cli#0,venda,208.32
17/10/25,10:53,Venda cli#0,venda,61.39
17/10/25,11:02,Venda cli#0,venda,114.23
17/10/25,11:28,Venda balcao,venda,183.31
17/10/25,11:48,Venda cli#0,venda,22.5
17/10/25,13:18,Venda cli#0,venda,91.18
17/10/25,13:22,Venda cli#0,venda,64.9
17/10/25,13:26,Venda cli#0,venda,74.71
17/10/25,14:05,Venda cli#0,venda,264.37
17/10/25,14:07,Venda cli#0,venda,259.35
17/10/25,16:19,Venda cli#0,venda,5.0
17/10/25,16:19,Venda cli#0,venda,25.42
17/10/25,17:27,Venda cli#0,venda,21.49
17/10/25,17:28,FEC: Falta dinheiro no ca,outro,-1817.78
20/10/25,10:14,Venda balcao,venda,113.83
20/10/25,10:17,Venda cli#0,venda,220.91
20/10/25,10:25,"Venda cli#0 Desc=2,21",venda,170.0
20/10/25,11:02,Venda cli#0,venda,7.0
20/10/25,11:08,Venda balcao,venda,162.99
20/10/25,11:14,Venda cli#0,venda,11.98
20/10/25,11:21,Venda balcao,venda,239.91
20/10/25,11:29,Venda cli#0,venda,18.89
20/10/25,11:54,Venda cli#0,venda,248.59
20/10/25,12:17,Venda cli#0,venda,78.19
20/10/25,12:49,Venda cli#0,venda,104.0
20/10/25,13:47,Venda cli#0,venda,20.98
20/10/25,13:48,Venda cli#0,venda,58.39
20/10/25,14:33,Venda cli#0,venda,40.16
20/10/25,15:07,Venda cli#0,venda,17.98
20/10/25,15:07,Venda cli#0,venda,143.13
20/10/25,16:11,Venda cli#0,venda,11.69
20/10/25,16:22,Venda cli#0,venda,22.8
20/10/25,16:38,Venda cli#0,venda,100.0
20/10/25,16:38,Troco Venda cli#0,troco,-41.83
20/10/25,16:38,Venda cli#0,venda,58.17
20/10/25,16:41,Venda cli#0,venda,39.2
20/10/25,16:43,Venda cli#0,venda,24.08
20/10/25,16:50,Venda cli#0,venda,123.4
20/10/25,16:56,Venda balcao,venda,256.34
20/10/25,16:58,Venda cli#0,venda,111.54
20/10/25,17:05,Venda cli#0,venda,27.28
20/10/25,17:43,"Venda cli#0 Desc=2,00",venda,14.9
20/10/25,17:53,Venda cli#0,venda,49.47
20/10/25,18:18,Venda cli#0,venda,20.0
20/10/25,18:19,FEC: Falta dinheiro no ca,outro,-2473.97
20/10/25,18:25,Venda cli#0,venda,11.9
20/10/25,18:26,Venda cli#0,venda,14.2
20/10/25,18:37,Venda cli#0,venda,21.9
21/10/25,09:40,Venda cli#0,venda,5.0
21/10/25,09:40,Troco Venda cli#0,troco,-0.28
21/10/25,09:40,Venda cli#0,venda,4.72
21/10/25,09:46,Venda cli#0,venda,191.89
21/10/25,09:50,Venda cli#0,venda,189.46
21/10/25,10:26,Venda cli#0,venda,10.0
21/10/25,10:26,Troco Venda cli#0,troco,-2.0
21/10/25,10:26,Venda cli#0,venda,8.0
21/10/25,10:32,Venda cli#0,venda,91.79
21/10/25,10:38,Venda cli#0,venda,613.36
21/10/25,10:58,Venda cli#0,venda,251.24
21/10/25,11:12,Venda cli#0,venda,30.5
21/10/25,11:17,Venda cli#0,venda,120.18
21/10/25,11:26,Venda cli#0,venda,34.4
21/10/25,11:27,Venda cli#0,venda,37.8
21/10/25,11:32,Venda cli#0,venda,335.25
21/10/25,11:42,Venda balcao,venda,97.74
21/10/25,12:20,Venda cli#0,venda,613.28
21/10/25,12:43,Venda balcao,venda,421.41
21/10/25,12:48,Venda cli#0,venda,171.53
21/10/25,12:56,Venda cli#0,venda,204.22
21/10/25,14:48,Venda cli#0,venda,20.0
21/10/25,14:48,Troco Venda cli#0,troco,-8.0
21/10/25,14:48,Venda cli#0,venda,12.0
21/10/25,14:52,Venda cli#0,venda,7.0
21/10/25,15:37,Venda cli#0,venda,12.0
21/10/25,16:19,Venda cli#0,venda,64.0
21/10/25,17:32,FEC: Falta dinheiro no ca,outro,-3584.49
22/10/25,09:40,Venda cli#0,venda,42.97
22/10/25,10:07,Venda cli#0,venda,32.71
22/10/25,10:11,Venda cli#0,venda,25.0
22/10/25,10:12,Venda balcao,venda,95.0
22/10/25,10:34,Venda cli#0,venda,110.04
22/10/25,10:51,Venda cli#0,venda,12.0
22/10/25,10:56,Venda cli#0,venda,18.66
22/10/25,11:03,Venda cli#0,venda,101.44
22/10/25,11:13,Venda cli#0,venda,47.41
22/10/25,11:39,Venda cli#0,venda,19.52
22/10/25,11:39,Venda cli#0,venda,43.42
22/10/25,12:10,Venda cli#0,venda,31.99
22/10/25,12:33,Venda cli#0,venda,24.33
22/10/25,14:51,Venda cli#0,venda,10.0
22/10/25,14:51,Troco Venda cli#0,troco,-5.49
22/10/25,14:51,Venda cli#0,venda,4.51
22/10/25,15:30,Venda cli#0,venda,79.84
22/10/25,15:31,Venda balcao,venda,165.35
22/10/25,16:08,Venda cli#0,venda,27.98
22/10/25,16:11,Venda cli#0,venda,21.21
22/10/25,16:33,Venda balcao,venda,35.0
22/10/25,16:56,Venda balcao,venda,495.84
22/10/25,16:59,Venda balcao,venda,711.86
22/10/25,17:03,Venda cli#0,venda,100.0
22/10/25,17:03,Troco Venda cli#0,troco,-8.26
22/10/25,17:03,Venda cli#0,venda,91.74
22/10/25,17:12,Venda cli#0,venda,139.09
22/10/25,17:14,Venda cli#0,venda,268.8
22/10/25,17:42,Venda cli#0,venda,35.47
22/10/25,19:00,FEC: Falta dinheiro no ca,outro,-2777.43
23/10/25,10:01,Venda cli#0,venda,210.36
23/10/25,10:06,Venda cli#0,venda,575.09
23/10/25,10:28,Venda balcao,venda,89.1
23/10/25,10:41,Venda cli#0,venda,200.0
23/10/25,10:41,Troco Venda cli#0,troco,-27.38
23/10/25,10:41,Venda cli#0,venda,172.62
23/10/25,10:43,Venda cli#0,venda,130.42
23/10/25,11:22,Venda balcao,venda,137.39
23/10/25,12:22,Venda cli#0,venda,32.39
23/10/25,12:56,Venda balcao,venda,80.89
23/10/25,14:23,Venda cli#0,venda,50.0
23/10/25,14:23,Troco Venda cli#0,troco,-18.0
23/10/25,14:23,Venda cli#0,venda,32.0
23/10/25,16:02,Venda cli#0,venda,31.48
23/10/25,16:21,Venda cli#0,venda,10.0
23/10/25,16:21,Troco Venda cli#0,troco,-0.48
23/10/25,16:21,Venda cli#0,venda,9.52
23/10/25,17:32,Venda cli#0,venda,58.7
23/10/25,18:10,FEC: Falta dinheiro no ca,outro,-1774.1
24/10/25,10:32,Venda cli#0,venda,221.61
24/10/25,10:42,Venda cli#0,venda,15.0
24/10/25,10:42,Troco Venda cli#0,troco,-2.1
24/10/25,10:42,Venda cli#0,venda,12.9
24/10/25,11:14,Venda cli#0,venda,589.34
24/10/25,11:28,Venda cli#0,venda,229.87
24/10/25,12:39,Venda cli#0,venda,50.48
24/10/25,16:08,Venda balcao,venda,179.62
24/10/25,17:35,FEC: Falta dinheiro no ca,outro,-1296.72
25/10/25,12:28,Venda cli#0,venda,11.9
25/10/25,12:56,Venda cli#0,venda,44.45
25/10/25,13:07,Venda cli#0,venda,59.0
25/10/25,14:10,FEC: Falta dinheiro no ca,outro,-115.35
27/10/25,10:15,Venda cli#0,venda,11.37
27/10/25,10:21,Venda cli#0,venda,149.43
27/10/25,10:23,Venda cli#0,venda,334.81
27/10/25,10:38,Venda cli#0,venda,176.22
27/10/25,10:58,Venda balcao,venda,277.42
27/10/25,11:20,"Venda cli#0 Desc=2,00",venda,17.98
27/10/25,11:46,Venda cli#0,venda,211.14
27/10/25,12:34,Venda cli#0,venda,62.51
27/10/25,13:36,Venda cli#0,venda,216.27
27/10/25,13:45,Venda cli#0,venda,45.0
27/10/25,15:21,Venda cli#0,venda,49.62
27/10/25,15:52,"Venda cli#0 Desc=2,38",venda,21.42
27/10/25,15:53,Venda balcao,venda,240.09
27/10/25,15:58,"Venda cli#0 Desc=0,82",venda,7.36
27/10/25,16:41,Venda cli#0,venda,287.05
27/10/25,17:11,Venda cli#0,venda,327.27
27/10/25,17:30,Venda balcao,venda,87.4
27/10/25,18:23,FEC: Falta dinheiro no ca,outro,-2522.36
28/10/25,09:13,Venda cli#0,venda,292.29
28/10/25,09:44,"Venda cli#0 Desc=2,05",venda,18.43
28/10/25,10:12,Venda cli#0,venda,158.58
28/10/25,10:25,Venda cli#0,venda,130.77
28/10/25,10:29,Venda cli#0,venda,50.0
28/10/25,10:29,Troco Venda cli#0,troco,-33.41
28/10/25,10:35,Venda cli#0,venda,77.3
28/10/25,10:41,Venda cli#0,venda,405.9
28/10/25,10:50,Venda cli#0,venda,197.0
28/10/25,11:19,Venda balcao,venda,201.74
28/10/25,11:40,Venda cli#0,venda,157.15
28/10/25,11:40,Venda balcao,venda,107.19
28/10/25,11:47,Venda cli#0,venda,145.09
28/10/25,11:48,Venda cli#0,venda,42.77
28/10/25,12:20,Venda cli#0,venda,101.81
28/10/25,15:29,Venda balcao,venda,167.27
28/10/25,15:35,Venda cli#0,venda,292.45
28/10/25,15:38,Venda cli#0,venda,14.99
28/10/25,16:33,Venda cli#0,venda,100.3
28/10/25,16:33,Troco Venda cli#0,troco,-25.0
28/10/25,17:47,Venda cli#0,venda,197.43
28/10/25,17:58,Venda cli#0,venda,85.99
28/10/25,18:10,FEC: Falta dinheiro no ca,outro,-2886.04
28/10/25,18:20,Venda cli#0,venda,59.68
29/10/25,09:41,Venda cli#0,venda,35.07
29/10/25,10:35,Venda cli#0,venda,115.36
29/10/25,10:40,Venda cli#0,venda,241.85
29/10/25,11:05,Venda cli#0,venda,254.22
29/10/25,12:27,Venda cli#0,venda,230.62
29/10/25,12:31,Venda cli#0,venda,16.7
29/10/25,13:06,Venda cli#0,venda,115.16
29/10/25,13:46,Venda cli#0,venda,14.2
29/10/25,13:48,Venda cli#0,venda,45.0
29/10/25,14:09,Venda cli#0,venda,93.5
29/10/25,14:24,Venda cli#0,venda,25.99
29/10/25,14:45,Venda cli#0,venda,14.1
29/10/25,14:59,Venda cli#0,venda,8.99
29/10/25,15:58,Venda cli#0,venda,421.51
29/10/25,16:41,Venda cli#0,venda,81.39
29/10/25,16:50,Venda cli#0,venda,39.5
29/10/25,17:01,Venda balcao,venda,598.87
29/10/25,17:39,Venda cli#0,venda,154.74
29/10/25,18:18,FEC: Falta dinheiro no ca,outro,-2566.45
29/10/25,18:21,Venda cli#0,venda,4.02
29/10/25,18:35,"Venda cli#0 Desc=6,89",venda,61.99
30/10/25,09:41,Venda balcao,venda,80.36
30/10/25,10:01,Venda balcao,venda,87.99
30/10/25,10:37,Venda cli#0,venda,587.32
30/10/25,10:39,Venda cli#0,venda,116.81
30/10/25,11:29,Venda balcao,venda,270.38
30/10/25,11:34,"Venda cli#0 Desc=1,40",venda,12.59
30/10/25,11:44,Venda cli#0,venda,402.33
30/10/25,11:48,Venda cli#0,venda,43.08
30/10/25,11:50,Venda cli#0,venda,49.95
30/10/25,12:07,Venda cli#0,venda,13.9
30/10/25,12:13,Venda balcao,venda,150.19
30/10/25,13:11,Venda cli#0,venda,10.0
30/10/25,13:11,Troco Venda cli#0,troco,-7.57
30/10/25,16:03,Venda cli#0,venda,152.47
30/10/25,16:05,"Venda balcao Desc=18,83",venda,63.67
30/10/25,16:08,Venda cli#0,venda,127.57
30/10/25,17:07,Venda cli#0,venda,70.11
30/10/25,17:08,Venda cli#0,venda,85.5
30/10/25,18:00,FEC: Falta dinheiro no ca,outro,-2382.66
31/10/25,10:07,Venda cli#0,venda,81.62
31/10/25,10:08,Venda cli#0,venda,165.67
31/10/25,10:14,Venda cli#0,venda,198.36
31/10/25,10:25,Venda cli#0,venda,195.8
31/10/25,10:27,Venda cli#0,venda,38.41
31/10/25,10:48,Venda cli#0,venda,10.0
31/10/25,10:48,Troco Venda cli#0,troco,-1.01
31/10/25,11:06,Venda cli#0,venda,6.99
31/10/25,11:34,Venda balcao,venda,474.29
31/10/25,12:12,Venda cli#0,venda,34.52
31/10/25,12:45,Venda balcao,venda,57.95
31/10/25,13:13,Venda cli#0,venda,45.4
31/10/25,15:04,Venda balcao,venda,398.69
31/10/25,16:03,Venda cli#0,venda,126.84
31/10/25,16:04,Venda cli#0,venda,206.92
31/10/25,17:01,Venda cli#0,venda,16.29
31/10/25,17:03,Venda cli#0,venda,12.0
31/10/25,17:03,Troco Venda cli#0,troco,-0.32
31/10/25,17:14,Venda cli#0,venda,72.44
31/10/25,17:57,FEC: Falta dinheiro no ca,outro,-2140.86
01/11/25,10:42,Venda cli#0,venda,278.97
01/11/25,11:20,Venda cli#0,venda,45.4
01/11/25,15:54,Venda cli#0,venda,74.26
01/11/25,17:39,FEC: Falta dinheiro no ca,outro,-398.63
03/11/25,09:18,Venda cli#0,venda,28.0
03/11/25,10:36,Venda cli#0,venda,173.87
03/11/25,10:54,Venda cli#0,venda,93.97
03/11/25,10:57,"Venda cli#0 Desc=14,09",venda,158.76
03/11/25,11:04,Venda cli#0,venda,212.2
03/11/25,11:10,Venda cli#0,venda,210.95
03/11/25,11:16,Venda cli#0,venda,203.21
03/11/25,11:36,Venda cli#0,venda,199.3
03/11/25,11:57,Venda cli#0,venda,186.68
03/11/25,12:02,Venda cli#0,venda,576.21
03/11/25,12:05,Venda cli#0,venda,9.9
03/11/25,13:58,Venda cli#0,venda,79.63
03/11/25,15:08,Venda cli#0,venda,14.98
03/11/25,16:28,Venda cli#0,venda,29.9
03/11/25,16:29,Venda cli#0,venda,107.66
03/11/25,16:36,Venda cli#0,venda,186.87
03/11/25,16:37,Venda cli#0,venda,30.05
03/11/25,16:40,Venda cli#0,venda,378.57
03/11/25,16:42,Venda cli#0,venda,339.92
03/11/25,17:00,Venda cli#0,venda,63.7
03/11/25,18:13,"Venda cli#0 Desc=2,00",venda,15.0
03/11/25,18:13,"Troco Venda cli#0 Desc=2,",troco,-0.01
03/11/25,18:24,FEC: Falta dinheiro no ca,outro,-3299.32
04/11/25,09:39,Venda cli#0,venda,341.24
04/11/25,09:46,Venda cli#0,venda,281.71
04/11/25,10:28,Venda cli#0,venda,8.98
04/11/25,10:28,Venda cli#0,venda,25.04
04/11/25,10:29,Venda cli#0,venda,178.65
04/11/25,10:33,Venda cli#0,venda,625.68
04/11/25,10:37,Venda cli#0,venda,177.09
04/11/25,10:38,Venda cli#0,venda,100.0
04/11/25,10:38,Troco Venda cli#0,troco,-28.8
04/11/25,10:43,Venda cli#0,venda,12.0
04/11/25,11:05,Venda cli#0,venda,88.96
04/11/25,11:12,Venda cli#0,venda,136.68
04/11/25,11:21,Venda cli#0,venda,55.59
04/11/25,11:25,Venda cli#0,venda,45.41
04/11/25,11:35,Venda cli#0,venda,20.0
04/11/25,11:35,Troco Venda cli#0,troco,-10.91
04/11/25,12:20,Venda cli#0,venda,50.0
04/11/25,12:20,Troco Venda cli#0,troco,-34.32
04/11/25,12:26,Venda cli#0,venda,368.42
04/11/25,12:27,Venda cli#0,venda,61.67
04/11/25,12:31,Venda cli#0,venda,13.16
04/11/25,13:00,Venda cli#0,venda,23.8
04/11/25,13:12,Venda cli#0,venda,102.05
04/11/25,13:29,Venda cli#0,venda,27.99
04/11/25,13:39,Venda cli#0,venda,25.71
04/11/25,14:15,Venda cli#0,venda,264.38
04/11/25,14:19,Venda cli#0,venda,114.39
04/11/25,15:04,Venda cli#0,venda,4.19
04/11/25,15:36,Venda balcao,venda,570.74
04/11/25,15:54,Venda balcao,venda,210.45
04/11/25,16:14,Venda cli#0,venda,7.37
04/11/25,16:29,Venda cli#0,venda,27.08
04/11/25,17:00,Venda cli#0,venda,20.6
04/11/25,17:08,Venda cli#0,venda,64.29
04/11/25,17:20,Venda cli#0,venda,5.99
04/11/25,17:57,Venda cli#0,venda,50.0
04/11/25,17:57,Troco Venda cli#0,troco,-23.09
04/11/25,17:58,Venda cli#0,venda,20.0
04/11/25,17:58,Troco Venda cli#0,troco,-13.99
04/11/25,18:14,Venda cli#0,venda,22.5
04/11/25,18:18,Venda cli#0,venda,43.9
04/11/25,18:45,FEC: Falta dinheiro no ca,outro,-4084.6
05/11/25,10:26,Venda cli#0,venda,322.95
05/11/25,10:33,Venda balcao,venda,83.72
05/11/25,10:51,Venda cli#0,venda,183.56
05/11/25,10:52,Venda balcao,venda,58.44
05/11/25,10:56,Venda cli#0,venda,185.17
05/11/25,11:21,Venda cli#0,venda,228.66
05/11/25,11:34,Venda cli#0,venda,10.0
05/11/25,11:34,Troco Venda cli#0,troco,-3.57
05/11/25,11:39,Venda cli#0,venda,127.08
05/11/25,11:56,Venda balcao,venda,98.15
05/11/25,11:59,Venda cli#0,venda,12.9
05/11/25,12:08,Venda cli#0,venda,81.48
05/11/25,12:22,Venda cli#0,venda,53.13
05/11/25,12:22,Venda balcao,venda,81.5
05/11/25,12:54,Venda balcao,venda,2.7
05/11/25,13:00,Venda cli#0,venda,10.0
05/11/25,13:00,Troco Venda cli#0,troco,-2.01
05/11/25,13:53,Venda cli#0,venda,5.99
05/11/25,14:48,Venda cli#0,venda,193.04
05/11/25,15:03,Venda cli#0,venda,8.0
05/11/25,15:10,Venda balcao,venda,10.74
05/11/25,15:36,Venda cli#0,venda,72.17
05/11/25,15:37,Venda cli#0,venda,47.23
05/11/25,16:24,Venda cli#0,venda,24.66
05/11/25,16:55,Venda cli#0,venda,126.96
05/11/25,17:06,Venda cli#0,venda,10.0
05/11/25,17:06,Troco Venda cli#0,troco,-6.0
05/11/25,17:14,Venda balcao,venda,609.39
05/11/25,17:25,Venda cli#0,venda,172.37
05/11/25,17:44,Venda cli#0,venda,25.1
05/11/25,17:55,Venda cli#0,venda,38.02
05/11/25,18:34,Venda cli#0,venda,12.99
05/11/25,18:54,FEC: Falta dinheiro no ca,outro,-2884.52
06/11/25,10:01,Venda balcao,venda,150.57
06/11/25,10:36,Venda cli#0,venda,30.98
06/11/25,10:37,Venda balcao,venda,77.96
06/11/25,10:45,Venda cli#0,venda,705.92
06/11/25,11:04,Venda cli#0,venda,17.99
06/11/25,11:19,Venda cli#0,venda,24.95
06/11/25,11:56,Venda cli#0,venda,4.28
06/11/25,12:02,Venda cli#0,venda,45.91
06/11/25,13:39,Venda cli#0,venda,32.0
06/11/25,14:38,Venda cli#0,venda,397.41
06/11/25,16:08,Venda balcao,venda,1104.13
06/11/25,17:58,FEC: Falta dinheiro no ca,outro,-2592.1
07/11/25,09:21,Venda cli#0,venda,339.52
07/11/25,09:31,Venda cli#0,venda,18.99
07/11/25,10:04,Venda cli#0,venda,158.16
07/11/25,10:20,Venda cli#0,venda,27.75
07/11/25,10:22,Venda cli#0,venda,70.46
07/11/25,10:48,Venda cli#0,venda,20.0
07/11/25,10:48,Troco Venda cli#0,troco,-10.7
07/11/25,10:54,Venda cli#0,venda,491.28
07/11/25,10:59,Venda cli#0,venda,10.0
07/11/25,11:10,Venda cli#0,venda,484.65
07/11/25,11:21,Venda cli#0,venda,6.52
07/11/25,12:09,Venda cli#0,venda,220.02
07/11/25,13:26,Venda cli#0,venda,51.9
07/11/25,13:39,Venda cli#0,venda,52.0
07/11/25,13:39,Troco Venda cli#0,troco,-0.08
07/11/25,14:36,Venda cli#0,venda,102.0
07/11/25,14:36,Troco Venda cli#0,troco,-45.32
07/11/25,15:16,Venda cli#0,venda,51.96
07/11/25,16:13,Venda cli#0,venda,13.69
07/11/25,16:20,Venda cli#0,venda,22.5
07/11/25,16:29,Venda cli#0,venda,29.21
07/11/25,16:46,Venda cli#0,venda,19.72
07/11/25,17:44,Venda cli#0,venda,41.4
07/11/25,17:49,FEC: Falta dinheiro no ca,outro,-2175.63
08/11/25,10:58,Venda cli#0,venda,20.0
08/11/25,10:58,Troco Venda cli#0,troco,-10.28
08/11/25,12:08,Venda cli#0,venda,49.76
08/11/25,12:48,Venda cli#0,venda,10.99
08/11/25,13:33,Venda cli#0,venda,11.37
08/11/25,13:54,FEC: Falta dinheiro no ca,outro,-81.84
10/11/25,10:02,"Venda cli#0 Desc=17,14",venda,155.84
10/11/25,10:16,Venda balcao,venda,156.87
10/11/25,10:28,Venda balcao,venda,382.94
10/11/25,10:49,Venda cli#0,venda,248.66
10/11/25,10:56,Venda cli#0,venda,357.45
10/11/25,10:57,Venda cli#0,venda,353.45
10/11/25,11:15,"Venda cli#0 Desc=4,98",venda,44.8
10/11/25,11:34,Venda cli#0,venda,56.16
10/11/25,11:56,Venda cli#0,venda,69.95
10/11/25,12:50,Venda cli#0,venda,9.9
10/11/25,13:15,Venda cli#0,venda,45.33
10/11/25,13:57,Venda cli#0,venda,100.0
10/11/25,13:57,Troco Venda cli#0,troco,-50.02
10/11/25,14:47,Venda cli#0,venda,69.85
10/11/25,15:00,Venda cli#0,venda,216.58
10/11/25,15:48,Venda cli#0,venda,232.45
10/11/25,16:16,Venda cli#0,venda,20.1
10/11/25,16:27,Venda cli#0,venda,90.86
10/11/25,16:50,Venda cli#0,venda,13.0
10/11/25,17:02,Venda cli#0,venda,44.08
10/11/25,17:42,Venda cli#0,venda,16.0
10/11/25,17:47,Venda cli#0,venda,207.13
10/11/25,18:39,Venda cli#0,venda,91.74
10/11/25,18:46,FEC: Falta dinheiro no ca,outro,-2933.12
10/11/25,18:49,Venda cli#0,venda,31.0
11/11/25,09:53,Venda cli#0,venda,203.24
11/11/25,10:22,Venda cli#0,venda,48.7
11/11/25,10:29,Venda balcao,venda,345.25
11/11/25,10:35,Venda cli#0,venda,506.39
11/11/25,10:37,Venda cli#0,venda,50.0
11/11/25,10:37,Troco Venda cli#0,troco,-32.93
11/11/25,11:00,Venda balcao,venda,232.22
11/11/25,11:13,Venda cli#0,venda,233.15
11/11/25,11:16,Venda cli#0,venda,43.53
11/11/25,11:27,Venda cli#0,venda,60.17
11/11/25,11:49,Venda balcao,venda,264.25
11/11/25,12:02,Venda cli#0,venda,24.0
11/11/25,12:07,Venda cli#0,venda,505.38
11/11/25,12:13,Venda cli#0,venda,412.49
11/11/25,12:21,Venda cli#0,venda,433.93
11/11/25,12:28,Venda cli#0,venda,283.04
11/11/25,12:32,Venda cli#0,venda,101.26
11/11/25,12:35,Venda cli#0,venda,29.95
11/11/25,12:40,Venda cli#0,venda,372.77
11/11/25,13:31,Venda cli#0,venda,400.01
11/11/25,13:49,Venda cli#0,venda,80.39
11/11/25,13:58,Venda cli#0,venda,29.35
11/11/25,14:27,Venda cli#0,venda,25.08
11/11/25,15:23,Venda balcao,venda,217.84
11/11/25,15:30,"Venda balcao Desc=18,17",venda,345.18
11/11/25,15:48,Venda balcao,venda,490.68
11/11/25,17:03,Venda cli#0,venda,105.9
11/11/25,17:03,Troco Venda cli#0,troco,-50.01
11/11/25,17:20,Venda cli#0,venda,83.3
11/11/25,18:15,FEC: Falta dinheiro no ca,outro,-5875.51
12/11/25,09:57,Venda cli#0,venda,322.85
12/11/25,10:38,Venda cli#0,venda,76.25
12/11/25,10:39,Venda cli#0,venda,10.0
12/11/25,10:44,Venda balcao,venda,132.86
12/11/25,10:47,Venda cli#0,venda,205.79
12/11/25,10:56,Venda cli#0,venda,249.26
12/11/25,11:40,Venda cli#0,venda,367.17
12/11/25,11:54,Venda cli#0,venda,52.77
12/11/25,14:16,Venda cli#0,venda,45.0
12/11/25,14:46,Venda cli#0,venda,384.76
12/11/25,15:45,Venda cli#0,venda,27.96
12/11/25,16:55,Venda cli#0,venda,39.0
12/11/25,17:15,Venda cli#0,venda,16.1
12/11/25,17:16,Venda cli#0,venda,152.78
12/11/25,17:44,Venda cli#0,venda,18.1
12/11/25,18:13,FEC: Falta dinheiro no ca,outro,-2100.65
13/11/25,09:50,Venda cli#0,venda,125.0
13/11/25,10:13,Venda cli#0,venda,19.9
13/11/25,10:31,Venda balcao,venda,172.73
13/11/25,10:35,Venda cli#0,venda,100.0
13/11/25,10:35,Troco Venda cli#0,troco,-25.0
13/11/25,10:39,Venda balcao,venda,139.54
13/11/25,10:45,Venda cli#0,venda,301.67
13/11/25,10:57,Venda cli#0,venda,4.82
13/11/25,11:17,Venda cli#0,venda,135.01
13/11/25,11:52,Venda balcao,venda,320.75
13/11/25,11:55,Venda cli#0,venda,92.23
13/11/25,12:05,Venda cli#0,venda,5.0
13/11/25,12:28,Venda cli#0,venda,16.99
13/11/25,15:45,Venda cli#0,venda,144.86
13/11/25,15:57,Venda balcao,venda,1252.79
13/11/25,15:59,Venda balcao,venda,17.99
13/11/25,16:47,Venda cli#0,venda,54.89
13/11/25,17:18,Venda balcao,venda,1144.31
13/11/25,18:10,Venda cli#0,venda,72.64
13/11/25,18:14,FEC: Falta dinheiro no ca,outro,-4096.12
14/11/25,09:58,Venda cli#0,venda,128.13
14/11/25,10:12,Venda cli#0,venda,202.61
14/11/25,10:44,Venda cli#0,venda,309.92
14/11/25,11:06,Venda cli#0,venda,44.87
14/11/25,11:07,Venda cli#0,venda,104.24
14/11/25,11:08,Venda cli#0,venda,25.38
14/11/25,12:19,Venda cli#0,venda,74.23
14/11/25,12:47,Venda cli#0,venda,19.0
14/11/25,13:16,Venda cli#0,venda,27.34
14/11/25,14:12,Venda cli#0,venda,46.06
14/11/25,15:39,Venda cli#0,venda,25.89
14/11/25,16:16,"Venda cli#0 Desc=0,79",venda,7.11
14/11/25,17:53,FEC: Falta dinheiro no ca,outro,-1014.78
14/11/25,18:07,Venda cli#0,venda,15.49
17/11/25,10:26,Venda cli#0,venda,158.4
17/11/25,10:35,Venda cli#0,venda,173.88
17/11/25,10:36,Venda cli#0,venda,214.16
17/11/25,10:42,Venda cli#0,venda,188.19
17/11/25,11:00,Venda cli#0,venda,100.0
17/11/25,11:00,Troco Venda cli#0,troco,-43.29
17/11/25,11:02,Venda cli#0,venda,164.81
17/11/25,11:08,Venda balcao,venda,163.85
17/11/25,11:43,Venda balcao,venda,170.33
17/11/25,11:48,Venda cli#0,venda,4.0
17/11/25,12:11,Venda balcao,venda,161.7
17/11/25,12:30,Venda cli#0,venda,6.99
17/11/25,12:50,Venda cli#0,venda,38.64
17/11/25,13:54,Venda cli#0,venda,17.0
17/11/25,16:11,Venda cli#0,venda,295.09
17/11/25,16:38,Venda cli#0,venda,20.0
17/11/25,16:38,Troco Venda cli#0,troco,-8.0
17/11/25,16:54,Venda cli#0,venda,208.48
17/11/25,18:11,Venda cli#0,venda,52.0
17/11/25,18:32,Venda cli#0,venda,13.98
17/11/25,18:38,FEC: Falta dinheiro no ca,outro,-2115.7
18/11/25,10:09,Venda cli#0,venda,19.0
18/11/25,10:18,Venda balcao,venda,266.8
18/11/25,10:26,Venda cli#0,venda,157.89
18/11/25,10:26,Venda cli#0,venda,24.92
18/11/25,10:43,Venda cli#0,venda,78.26
18/11/25,10:45,Venda cli#0,venda,85.38
18/11/25,10:51,Venda cli#0,venda,20.0
18/11/25,10:51,Troco Venda cli#0,troco,-0.94
18/11/25,10:52,Venda cli#0,venda,301.14
18/11/25,11:01,Venda cli#0,venda,45.1
18/11/25,11:04,Venda cli#0,venda,18.99
18/11/25,11:06,Venda cli#0,venda,10.37
18/11/25,11:16,"Venda cli#0 Desc=32,06",venda,196.61
18/11/25,11:22,Venda cli#0,venda,66.48
18/11/25,11:25,Venda cli#0,venda,230.21
18/11/25,11:43,Venda cli#0,venda,20.42
18/11/25,11:51,Venda cli#0,venda,147.64
18/11/25,12:06,Venda balcao,venda,111.61
18/11/25,12:08,Venda cli#0,venda,20.08
18/11/25,12:11,Venda balcao,venda,401.8
18/11/25,12:23,Venda cli#0,venda,206.79
18/11/25,12:25,Venda cli#0,venda,25.78
18/11/25,12:35,Venda cli#0,venda,4.72
18/11/25,12:39,Venda cli#0,venda,60.0
18/11/25,12:39,Troco Venda cli#0,troco,-2.26
18/11/25,13:35,"Venda balcao Desc=9,59",venda,182.27
18/11/25,14:07,Venda cli#0,venda,23.29
18/11/25,14:51,Venda cli#0,venda,30.75
18/11/25,14:52,Venda cli#0,venda,170.21
18/11/25,15:40,Venda cli#0,venda,12.09
18/11/25,16:27,Venda cli#0,venda,103.65
18/11/25,17:08,Venda cli#0,venda,8.0
18/11/25,17:17,Venda cli#0,venda,19.11
18/11/25,17:43,Venda cli#0,venda,8.0
18/11/25,17:46,Venda cli#0,venda,55.84
18/11/25,18:34,FEC: Falta dinheiro no ca,outro,-3130.0
18/11/25,18:43,Venda cli#0,venda,100.0
18/11/25,18:43,Troco Venda cli#0,troco,-78.34
19/11/25,09:46,Venda cli#0,venda,229.66
19/11/25,09:53,Venda cli#0,venda,6.99
19/11/25,10:27,Venda cli#0,venda,141.68
19/11/25,10:42,Venda cli#0,venda,11.43
19/11/25,10:47,Venda cli#0,venda,12.0
19/11/25,11:44,Venda cli#0,venda,13.9
19/11/25,12:03,Venda cli#0,venda,10.99
19/11/25,12:49,Venda cli#0,venda,15.76
19/11/25,13:14,Venda balcao,venda,45.0
19/11/25,14:11,Venda cli#0,venda,20.0
19/11/25,14:11,Troco Venda cli#0,troco,-2.27
19/11/25,14:58,Venda cli#0,venda,29.65
19/11/25,15:01,Venda cli#0,venda,20.0
19/11/25,15:01,Troco Venda cli#0,troco,-12.97
19/11/25,17:55,Venda cli#0,venda,88.38
19/11/25,18:21,FEC: Falta dinheiro no ca,outro,-651.86
20/11/25,11:12,Venda cli#0,venda,15.16
21/11/25,09:26,Venda cli#0,venda,73.07
21/11/25,09:40,Venda cli#0,venda,39.25
21/11/25,10:12,Venda cli#0,venda,63.57
21/11/25,10:33,Venda balcao,venda,375.09
21/11/25,10:53,Venda cli#0,venda,50.0
21/11/25,10:53,Troco Venda cli#0,troco,-26.42
21/11/25,11:09,Venda cli#0,venda,550.87
21/11/25,11:17,Venda cli#0,venda,250.71
21/11/25,11:30,Venda cli#0,venda,99.27
21/11/25,12:08,Venda cli#0,venda,10.05
21/11/25,14:44,Venda cli#0,venda,90.0
21/11/25,15:15,Venda balcao,venda,136.14
21/11/25,15:18,Venda cli#0,venda,260.9
21/11/25,15:22,Venda cli#0,venda,209.03
21/11/25,15:34,Venda cli#0,venda,584.68
21/11/25,16:10,Venda cli#0,venda,131.37
21/11/25,16:39,Venda cli#0,venda,7.0
21/11/25,16:50,FEC: Falta dinheiro no ca,outro,-2919.74
21/11/25,17:14,Venda cli#0,venda,42.17
22/11/25,13:36,Venda cli#0,venda,74.89
22/11/25,15:00,Venda cli#0,venda,35.95
22/11/25,16:00,FEC: Falta dinheiro no ca,outro,-153.01
24/11/25,10:14,Venda cli#0,venda,50.0
24/11/25,10:14,Troco Venda cli#0,troco,-8.47
24/11/25,10:22,Venda cli#0,venda,187.53
24/11/25,10:35,Venda cli#0,venda,43.79
24/11/25,10:56,Venda cli#0,venda,320.2
24/11/25,11:13,Venda cli#0,venda,260.89
24/11/25,11:37,Venda balcao,venda,212.67
24/11/25,11:45,Venda balcao,venda,481.33
24/11/25,11:53,Venda cli#0,venda,222.33
24/11/25,12:09,Venda cli#0,venda,26.0
24/11/25,14:58,Venda cli#0,venda,14.99
24/11/25,15:40,Venda cli#0,venda,217.54
24/11/25,15:51,"Venda cli#0 Desc=4,98",venda,44.8
24/11/25,16:07,Venda cli#0,venda,24.98
24/11/25,17:01,Venda cli#0,venda,20.0
24/11/25,17:01,Troco Venda cli#0,troco,-5.35
24/11/25,17:05,Venda cli#0,venda,4.28
24/11/25,17:50,Venda cli#0,venda,82.58
24/11/25,18:45,FEC: Falta dinheiro no ca,outro,-2200.09
25/11/25,09:31,Venda cli#0,venda,21.99
25/11/25,10:12,Venda cli#0,venda,187.76
25/11/25,10:15,Venda cli#0,venda,120.0
25/11/25,10:15,Troco Venda cli#0,troco,-2.66
25/11/25,10:26,Venda cli#0,venda,388.29
25/11/25,10:26,Venda cli#0,venda,180.77
25/11/25,10:30,Venda balcao,venda,367.88
25/11/25,10:35,Venda cli#0,venda,262.49
25/11/25,10:46,Venda cli#0,venda,288.38
25/11/25,10:48,Venda balcao,venda,351.31
25/11/25,11:16,Venda balcao,venda,161.03
25/11/25,11:55,Venda cli#0,venda,309.21
25/11/25,12:02,Venda cli#0,venda,28.0
25/11/25,12:11,Venda cli#0,venda,78.63
25/11/25,12:32,Venda cli#0,venda,28.88
25/11/25,12:46,"Venda balcao Desc=17,98",venda,0.0
25/11/25,12:53,"Venda balcao Desc=17,40",venda,330.6
25/11/25,13:33,Venda cli#0,venda,84.01
25/11/25,14:11,Venda cli#0,venda,20.78
25/11/25,15:33,Venda cli#0,venda,20.0
25/11/25,15:33,Troco Venda cli#0,troco,-3.1
25/11/25,15:41,Venda cli#0,venda,109.44
25/11/25,16:16,Venda cli#0,venda,115.47
25/11/25,16:54,Venda balcao,venda,206.28
25/11/25,16:57,Venda cli#0,venda,85.63
25/11/25,17:04,Venda cli#0,venda,104.63
25/11/25,18:52,FEC: Falta dinheiro no ca,outro,-3845.7
26/11/25,10:11,Venda cli#0,venda,122.41
26/11/25,10:16,Venda cli#0,venda,145.74
26/11/25,10:20,Venda cli#0,venda,146.62
26/11/25,10:22,Venda cli#0,venda,151.83
26/11/25,10:28,Venda cli#0,venda,572.84
26/11/25,10:37,Venda cli#0,venda,66.96
26/11/25,10:40,Venda cli#0,venda,260.72
26/11/25,10:46,Venda cli#0,venda,131.55
26/11/25,10:50,Venda cli#0,venda,20.26
26/11/25,10:51,Venda cli#0,venda,157.45
26/11/25,11:23,Venda cli#0,venda,72.78
26/11/25,11:41,Venda cli#0,venda,64.83
26/11/25,12:35,Venda cli#0,venda,27.0
26/11/25,13:09,Venda cli#0,venda,17.98
26/11/25,16:39,Venda cli#0,venda,11.89
26/11/25,16:43,Venda cli#0,venda,191.55
26/11/25,16:58,Venda cli#0,venda,37.59
26/11/25,17:40,Venda cli#0,venda,12.14
26/11/25,19:11,Venda cli#0,venda,63.61
26/11/25,19:12,FEC: Falta dinheiro no ca,outro,-2275.75
27/11/25,10:07,Venda cli#0,venda,192.65
27/11/25,10:09,Venda cli#0,venda,49.08
27/11/25,10:12,Venda cli#0,venda,322.93
27/11/25,10:27,Venda balcao,venda,281.31
27/11/25,10:45,Venda cli#0,venda,50.0
27/11/25,10:45,Troco Venda cli#0,troco,-44.01
27/11/25,10:58,Venda cli#0,venda,8.0
27/11/25,11:33,Venda cli#0,venda,10.39
27/11/25,11:43,Venda cli#0,venda,58.9
27/11/25,12:45,Venda balcao,venda,88.69
27/11/25,12:47,Venda cli#0,venda,49.95
27/11/25,12:56,Venda balcao,venda,48.88
27/11/25,13:30,Venda cli#0,venda,173.05
27/11/25,13:38,Venda cli#0,venda,41.24
27/11/25,15:20,Venda cli#0,venda,5.0
27/11/25,15:27,Venda cli#0,venda,255.82
27/11/25,16:06,Venda cli#0,venda,32.3
27/11/25,16:27,Venda cli#0,venda,139.0
27/11/25,17:10,Venda cli#0,venda,447.83
27/11/25,17:33,Venda cli#0,venda,79.53
27/11/25,17:42,Venda cli#0,venda,18.9
27/11/25,17:44,FEC: Falta dinheiro no ca,outro,-2309.44
28/11/25,10:00,Venda cli#0,venda,140.94
28/11/25,10:04,Venda cli#0,venda,51.69
28/11/25,10:11,Venda cli#0,venda,157.32
28/11/25,11:07,Venda cli#0,venda,20.0
28/11/25,13:23,Venda cli#0,venda,51.97
28/11/25,14:16,Venda cli#0,venda,92.9
28/11/25,16:01,Venda cli#0,venda,93.31
28/11/25,16:08,Venda balcao,venda,244.22
28/11/25,16:12,Venda cli#0,venda,14.32
28/11/25,17:39,FEC: Falta dinheiro no ca,outro,-866.67
29/11/25,13:03,Venda cli#0,venda,16.0
29/11/25,13:03,Venda cli#0,venda,18.5
29/11/25,13:53,FEC: Falta dinheiro no ca,outro,-34.5
01/12/25,09:32,Venda balcao,venda,375.32
01/12/25,09:44,Venda cli#0,venda,2.62
01/12/25,09:47,"Venda cli#0 Desc=100,00",venda,15.37
01/12/25,10:07,Venda cli#0,venda,121.52
01/12/25,10:19,Venda cli#0,venda,192.92
01/12/25,10:26,Venda cli#0,venda,177.98
01/12/25,10:30,Venda cli#0,venda,43.75
01/12/25,10:32,Venda cli#0,venda,156.27
01/12/25,10:37,Venda cli#0,venda,222.22
01/12/25,10:39,Venda cli#0,venda,63.62
01/12/25,10:45,Venda cli#0,venda,18.09
01/12/25,10:54,Venda cli#0,venda,292.59
01/12/25,11:52,Venda cli#0,venda,49.91
01/12/25,12:51,Venda cli#0,venda,50.0
01/12/25,12:51,Troco Venda cli#0,troco,-21.4
01/12/25,12:56,Venda cli#0,venda,13.35
01/12/25,14:52,Venda cli#0,venda,216.28
01/12/25,15:18,Venda cli#0,venda,7.27
01/12/25,15:25,Venda cli#0,venda,11.01
01/12/25,15:35,Venda cli#0,venda,32.98
01/12/25,16:16,"Venda cli#0 Desc=13,49",venda,90.0
01/12/25,16:20,Venda balcao,venda,125.4
01/12/25,16:26,"Venda cli#0 Desc=14,08",venda,10.24
01/12/25,17:13,Venda cli#0,venda,56.98
01/12/25,18:24,Venda cli#0,venda,39.47
01/12/25,18:24,FEC: Falta dinheiro no ca,outro,-2363.76
01/12/25,18:27,Venda cli#0,venda,15.09
02/12/25,09:23,Venda cli#0,venda,363.72
02/12/25,10:04,Venda cli#0,venda,12.0
02/12/25,10:09,Venda cli#0,venda,135.38
02/12/25,10:14,Venda cli#0,venda,40.43
02/12/25,10:20,Venda cli#0,venda,99.98
02/12/25,10:26,Venda cli#0,venda,285.8
02/12/25,11:39,Venda balcao,venda,1037.08
02/12/25,11:41,Venda cli#0,venda,97.49
02/12/25,11:45,Venda cli#0,venda,159.61
02/12/25,11:52,Venda balcao,venda,254.21
02/12/25,12:06,Venda cli#0,venda,35.07
02/12/25,13:14,Venda cli#0,venda,79.87
02/12/25,14:47,Venda cli#0,venda,142.73
02/12/25,15:09,Venda cli#0,venda,28.47
02/12/25,15:12,"Venda balcao Desc=9,60",venda,182.35
02/12/25,15:14,Venda cli#0,venda,159.9
02/12/25,15:15,Venda balcao,venda,360.01
02/12/25,15:28,Venda balcao,venda,145.76
02/12/25,15:30,Venda cli#0,venda,185.65
02/12/25,16:01,Venda cli#0,venda,39.23
02/12/25,16:11,Venda cli#0,venda,8.1
02/12/25,18:17,Venda cli#0,venda,83.84
02/12/25,18:26,FEC: Falta dinheiro no ca,outro,-3951.77
03/12/25,09:41,Venda cli#0,venda,21.0
03/12/25,10:05,Venda cli#0,venda,114.98
03/12/25,10:59,Venda cli#0,venda,33.99
03/12/25,11:02,Venda balcao,venda,257.1
03/12/25,11:03,Venda cli#0,venda,142.15
03/12/25,11:23,Venda balcao,venda,121.69
03/12/25,11:43,Venda cli#0,venda,11.84
03/12/25,13:47,Venda cli#0,venda,58.37
03/12/25,14:11,Venda cli#0,venda,40.0
03/12/25,14:11,Troco Venda cli#0,troco,-11.48
03/12/25,14:22,Venda cli#0,venda,283.33
03/12/25,15:17,Venda cli#0,venda,50.9
03/12/25,15:27,Venda cli#0,venda,120.84
03/12/25,15:57,Venda balcao,venda,168.0
03/12/25,16:03,Venda cli#0,venda,82.79
03/12/25,16:05,Venda balcao,venda,28.0
03/12/25,16:18,Venda cli#0,venda,91.24
03/12/25,16:59,Venda cli#0,venda,154.67
03/12/25,17:24,Venda cli#0,venda,15.57
03/12/25,18:10,Venda cli#0,venda,112.4
03/12/25,18:11,Venda cli#0,venda,43.9
03/12/25,18:28,FEC: Falta dinheiro no ca,outro,-1941.28
04/12/25,10:03,Venda cli#0,venda,69.64
04/12/25,10:30,Venda balcao,venda,12.54
04/12/25,10:52,Venda cli#0,venda,23.09
04/12/25,10:58,Venda cli#0,venda,101.7
04/12/25,11:30,Venda cli#0,venda,22.27
04/12/25,11:30,Troco Venda cli#0,troco,-10.0
04/12/25,11:41,Venda balcao,venda,102.77
04/12/25,11:43,Venda balcao,venda,311.97
04/12/25,11:45,Venda cli#0,venda,61.89
04/12/25,11:50,Venda cli#0,venda,19.99
04/12/25,12:02,Venda cli#0,venda,46.16
04/12/25,12:22,Venda cli#0,venda,63.08
04/12/25,12:23,Venda cli#0,venda,157.23
04/12/25,12:26,Venda cli#0,venda,5.9
04/12/25,14:40,Venda cli#0,venda,301.68
04/12/25,14:45,Venda cli#0,venda,159.98
04/12/25,15:10,Venda cli#0,venda,226.42
04/12/25,18:02,FEC: Falta dinheiro no ca,outro,-1676.31
05/12/25,09:41,Venda cli#0,venda,183.58
05/12/25,09:44,Venda cli#0,venda,56.1
05/12/25,10:18,Venda balcao,venda,406.87
05/12/25,13:00,Venda cli#0,venda,233.7
05/12/25,13:10,Venda cli#0,venda,223.61
05/12/25,14:30,Venda cli#0,venda,113.5
05/12/25,15:01,Venda balcao,venda,104.06
05/12/25,15:52,Venda cli#0,venda,102.49
05/12/25,16:10,Venda cli#0,venda,22.6
05/12/25,16:12,Venda cli#0,venda,25.06
05/12/25,16:56,Venda cli#0,venda,22.6
05/12/25,17:22,Venda cli#0,venda,10.54
05/12/25,17:29,Venda cli#0,venda,4.25
05/12/25,17:56,FEC: Falta dinheiro no ca,outro,-1508.96
06/12/25,10:14,Venda balcao,venda,206.29
06/12/25,11:23,Venda cli#0,venda,19.9
06/12/25,12:11,Venda cli#0,venda,6.0
06/12/25,13:15,"Venda cli#0 Desc=1,19",venda,10.71
06/12/25,14:18,FEC: Falta dinheiro no ca,outro,-242.9
08/12/25,09:34,Venda cli#0,venda,21.99
08/12/25,09:43,Venda cli#0,venda,9.99
08/12/25,10:14,Venda cli#0,venda,7.0
08/12/25,10:15,Venda cli#0,venda,194.68
08/12/25,10:40,Venda cli#0,venda,123.85
08/12/25,10:46,Venda cli#0,venda,176.06
08/12/25,10:49,Venda cli#0,venda,119.19
08/12/25,10:51,Venda balcao,venda,231.08
08/12/25,11:11,Venda cli#0,venda,334.36
08/12/25,11:30,Venda cli#0,venda,25.08
08/12/25,11:38,Venda cli#0,venda,11.38
08/12/25,11:53,Venda cli#0,venda,162.08
08/12/25,11:57,Venda cli#0,venda,763.55
08/12/25,15:49,Venda cli#0,venda,116.47
08/12/25,16:14,Venda cli#0,venda,249.47
08/12/25,16:18,"Venda balcao Desc=14,22",venda,270.14
08/12/25,16:21,"Venda cli#0 Desc=58,37",venda,115.09
08/12/25,16:23,Venda balcao,venda,458.43
08/12/25,16:27,Venda cli#0,venda,312.54
08/12/25,16:38,Venda cli#0,venda,225.23
08/12/25,16:45,Venda cli#0,venda,28.0
08/12/25,17:02,Venda cli#0,venda,53.09
08/12/25,17:25,Venda cli#0,venda,64.95
08/12/25,17:30,Venda cli#0,venda,124.89
08/12/25,17:31,Venda cli#0,venda,72.24
08/12/25,17:58,Venda cli#0,venda,50.97
08/12/25,18:43,FEC: Falta dinheiro no ca,outro,-4321.8
09/12/25,09:40,Venda cli#0,venda,679.56
09/12/25,09:44,Venda cli#0,venda,124.24
09/12/25,10:04,Venda cli#0,venda,50.0
09/12/25,10:04,Troco Venda cli#0,troco,-38.0
09/12/25,10:09,Venda cli#0,venda,681.64
09/12/25,10:10,Venda cli#0,venda,12.98
09/12/25,10:18,Venda cli#0,venda,88.76
09/12/25,10:33,Venda cli#0,venda,62.65
09/12/25,10:37,Venda cli#0,venda,864.11
09/12/25,10:55,Venda cli#0,venda,36.59
09/12/25,11:01,Venda cli#0,venda,15.11
09/12/25,11:02,Venda cli#0,venda,72.53
09/12/25,11:05,Venda cli#0,venda,11.05
09/12/25,11:07,Venda cli#0,venda,32.1
09/12/25,11:21,Venda cli#0,venda,456.8
09/12/25,11:35,Venda cli#0,venda,7.1
09/12/25,11:38,Venda balcao,venda,182.43
09/12/25,11:40,Venda cli#0,venda,238.26
09/12/25,11:53,Venda balcao,venda,188.87
09/12/25,12:19,Venda cli#0,venda,405.91
09/12/25,12:23,"Venda cli#0 Desc=2,49",venda,22.4
09/12/25,12:31,Venda cli#0,venda,473.77
09/12/25,12:42,Venda cli#0,venda,15.99
09/12/25,12:55,Venda cli#0,venda,154.9
09/12/25,13:06,Venda cli#0,venda,129.97
09/12/25,13:11,Venda cli#0,venda,59.8
09/12/25,13:22,Venda cli#0,venda,807.91
09/12/25,13:53,Venda balcao,venda,135.83
09/12/25,14:42,Venda cli#0,venda,107.81
09/12/25,14:43,Venda cli#0,venda,30.0
09/12/25,14:54,Venda cli#0,venda,42.86
09/12/25,15:31,Venda cli#0,venda,22.9
09/12/25,15:39,Venda balcao,venda,925.09
09/12/25,15:55,Venda cli#0,venda,45.1
09/12/25,15:59,Venda cli#0,venda,423.61
09/12/25,16:01,Venda cli#0,venda,187.07
09/12/25,16:04,Venda balcao,venda,216.98
09/12/25,17:56,"Venda balcao Desc=0,43",venda,3.91
09/12/25,17:56,Troco Venda balcao Desc=0,troco,-0.0
09/12/25,18:33,FEC: Falta dinheiro no ca,outro,-7978.59
10/12/25,09:43,Venda cli#0,venda,20.0
10/12/25,09:43,Troco Venda cli#0,troco,-11.9
10/12/25,10:04,Venda cli#0,venda,112.87
13/12/25,10:40,Venda cli#0,venda,204.58
13/12/25,10:42,Venda cli#0,venda,248.06
13/12/25,10:47,Venda cli#0,venda,81.97
13/12/25,10:50,Venda cli#0,venda,354.5
13/12/25,10:53,Venda cli#0,venda,235.06
13/12/25,10:59,Venda balcao,venda,837.44
13/12/25,11:02,Venda cli#0,venda,118.89
13/12/25,11:05,Venda balcao,venda,157.92
13/12/25,11:07,Venda cli#0,venda,99.35
13/12/25,11:08,Venda balcao,venda,62.87
13/12/25,11:12,Venda cli#0,venda,347.23
13/12/25,11:14,Venda cli#0,venda,248.49
13/12/25,11:21,Venda cli#0,venda,56.0
13/12/25,11:57,Venda cli#0,venda,187.55
13/12/25,11:58,Venda cli#0,venda,190.65
13/12/25,12:20,Venda cli#0,venda,82.83
13/12/25,13:38,Venda cli#0,venda,50.66
13/12/25,14:11,FEC: Falta dinheiro no ca,outro,-3685.02
15/12/25,10:42,Venda cli#0,venda,29.33
15/12/25,10:53,Venda cli#0,venda,2.66
15/12/25,11:08,Venda cli#0,venda,226.23
15/12/25,11:11,Venda cli#0,venda,27.0
15/12/25,11:11,Troco Venda cli#0,troco,-1.32
15/12/25,11:25,Venda cli#0,venda,96.51
15/12/25,11:42,Venda cli#0,venda,21.79
15/12/25,11:52,Venda cli#0,venda,8.85
15/12/25,12:22,Venda cli#0,venda,21.99
15/12/25,12:23,Venda cli#0,venda,32.49
15/12/25,14:25,Venda cli#0,venda,25.57
15/12/25,16:10,Venda cli#0,venda,53.8
15/12/25,16:30,Venda balcao,venda,486.37
15/12/25,16:31,Venda cli#0,venda,105.7
15/12/25,16:36,Venda cli#0,venda,356.02
15/12/25,16:37,Venda cli#0,venda,34.99
15/12/25,16:40,Venda cli#0,venda,101.58
15/12/25,16:56,Venda cli#0,venda,250.91
15/12/25,16:57,Venda cli#0,venda,45.1
15/12/25,17:07,Venda cli#0,venda,16.0
15/12/25,17:15,Venda cli#0,venda,191.43
15/12/25,17:16,Venda cli#0,venda,6.57
15/12/25,18:14,FEC: Falta dinheiro no ca,outro,-2139.57
16/12/25,09:42,Venda cli#0,venda,97.12
16/12/25,09:52,Venda cli#0,venda,9.19
16/12/25,09:55,Venda cli#0,venda,147.47
16/12/25,10:02,Venda cli#0,venda,75.25
16/12/25,10:17,Venda cli#0,venda,16.91
16/12/25,10:19,Venda cli#0,venda,7.1
16/12/25,10:25,Venda cli#0,venda,19.98
16/12/25,10:32,Venda cli#0,venda,37.98
16/12/25,10:33,Venda cli#0,venda,45.31
16/12/25,10:39,Venda cli#0,venda,177.08
16/12/25,10:49,Venda cli#0,venda,19.84
16/12/25,11:07,Venda balcao,venda,131.6
16/12/25,11:19,Venda cli#0,venda,65.68
16/12/25,11:23,Venda balcao,venda,149.28
16/12/25,11:24,Venda cli#0,venda,33.0
16/12/25,11:38,Venda cli#0,venda,221.33
16/12/25,11:57,Venda cli#0,venda,31.07
16/12/25,12:06,Venda cli#0,venda,12.0
16/12/25,12:09,Venda balcao,venda,547.31
16/12/25,12:11,Venda cli#0,venda,133.56
16/12/25,12:20,Venda balcao,venda,285.22
16/12/25,12:37,Venda cli#0,venda,96.22
16/12/25,12:37,Venda cli#0,venda,163.28
16/12/25,13:08,Venda cli#0,venda,76.97
16/12/25,13:47,Venda cli#0,venda,14.37
16/12/25,14:07,Venda cli#0,venda,45.0
16/12/25,14:46,Venda cli#0,venda,129.92
16/12/25,15:21,Venda cli#0,venda,16.0
16/12/25,15:50,Venda cli#0,venda,45.9
16/12/25,15:55,Venda balcao,venda,179.19
16/12/25,16:19,Venda cli#0,venda,58.65
16/12/25,16:47,Venda cli#0,venda,64.47
16/12/25,18:12,FEC: Falta dinheiro no ca,outro,-3153.25
17/12/25,10:11,Venda cli#0,venda,28.06
17/12/25,10:13,Venda cli#0,venda,5.73
17/12/25,10:18,Venda cli#0,venda,445.59
17/12/25,10:23,Venda cli#0,venda,178.01
17/12/25,10:26,Venda balcao,venda,31.69
17/12/25,10:27,Venda cli#0,venda,33.23
17/12/25,10:29,Venda cli#0,venda,131.32
17/12/25,11:37,Venda cli#0,venda,20.0
17/12/25,11:37,Troco Venda cli#0,troco,-4.82
17/12/25,12:24,Venda balcao,venda,129.94
17/12/25,14:16,Venda cli#0,venda,20.0
17/12/25,14:16,Troco Venda cli#0,troco,-15.0
17/12/25,17:12,Venda cli#0,venda,28.49
17/12/25,17:13,Venda cli#0,venda,195.87
17/12/25,17:36,Venda cli#0,venda,11.09
17/12/25,17:37,Venda cli#0,venda,107.26
17/12/25,17:38,Venda cli#0,venda,7.0
17/12/25,17:39,Venda cli#0,venda,24.9
17/12/25,17:43,Venda cli#0,venda,152.26
17/12/25,17:55,Venda cli#0,venda,458.8
17/12/25,18:18,Venda balcao,venda,817.21
17/12/25,18:46,FEC: Falta dinheiro no ca,outro,-2806.63
18/12/25,10:26,Venda cli#0,venda,24.9
18/12/25,10:43,Venda cli#0,venda,200.07
18/12/25,11:19,Venda balcao,venda,184.72
18/12/25,11:24,Venda balcao,venda,336.17
18/12/25,14:02,Venda cli#0,venda,17.9
18/12/25,14:16,Venda cli#0,venda,25.0
18/12/25,17:16,Venda cli#0,venda,336.4
18/12/25,18:03,FEC: Falta dinheiro no ca,outro,-1125.16
19/12/25,09:28,Venda cli#0,venda,38.71
19/12/25,09:56,Venda cli#0,venda,177.67
19/12/25,10:03,Venda cli#0,venda,49.37
19/12/25,10:46,Venda balcao,venda,163.78
19/12/25,11:27,Venda cli#0,venda,32.95
19/12/25,12:07,Venda balcao,venda,100.37
19/12/25,12:22,Venda cli#0,venda,185.54
19/12/25,12:56,Venda cli#0,venda,17.09
19/12/25,13:40,Venda cli#0,venda,154.49
19/12/25,16:12,Venda cli#0,venda,30.43
19/12/25,16:23,Venda cli#0,venda,275.06
19/12/25,17:32,FEC: Falta dinheiro no ca,outro,-1225.46
19/12/25,17:48,"Venda cli#0 Desc=3,07",venda,27.63
20/12/25,11:05,Venda cli#0,venda,5.0
20/12/25,11:46,Venda cli#0,venda,10.99
20/12/25,12:00,Venda cli#0,venda,91.24
20/12/25,14:04,FEC: Falta dinheiro no ca,outro,-134.86
22/12/25,10:13,Venda cli#0,venda,116.01
22/12/25,10:29,Venda cli#0,venda,84.9
22/12/25,10:35,Venda cli#0,venda,56.42
22/12/25,11:01,Venda cli#0,venda,6.5
22/12/25,11:04,Venda cli#0,venda,6.29
22/12/25,11:09,Venda cli#0,venda,260.49
22/12/25,11:21,Venda cli#0,venda,122.29
22/12/25,11:31,Venda balcao,venda,304.78
22/12/25,11:33,Venda cli#0,venda,123.03
22/12/25,11:35,Venda cli#0,venda,154.53
22/12/25,12:07,Venda cli#0,venda,124.5
22/12/25,12:14,Venda cli#0,venda,12.1
22/12/25,12:27,Venda cli#0,venda,17.08
22/12/25,12:43,Venda cli#0,venda,14.17
22/12/25,12:55,"Venda balcao Desc=3,39",venda,30.49
22/12/25,14:28,Venda cli#0,venda,68.16
22/12/25,14:49,Venda balcao,venda,595.75
22/12/25,15:11,Venda cli#0,venda,193.01
22/12/25,15:14,Venda balcao,venda,30.98
22/12/25,17:28,Venda cli#0,venda,12.55
22/12/25,17:43,Venda cli#0,venda,4.05
22/12/25,18:03,Venda cli#0,venda,150.73
22/12/25,20:59,FEC: Falta dinheiro no ca,outro,-2488.81
23/12/25,09:17,Venda cli#0,venda,11.98
23/12/25,09:42,Venda cli#0,venda,32.08
23/12/25,09:53,Venda cli#0,venda,45.44
23/12/25,09:56,Venda cli#0,venda,28.0
23/12/25,09:58,Venda cli#0,venda,866.36
23/12/25,10:06,Venda cli#0,venda,162.68
23/12/25,10:18,Venda cli#0,venda,122.48
23/12/25,10:23,Venda cli#0,venda,13.9
23/12/25,10:25,Venda cli#0,venda,103.75
23/12/25,10:31,Venda cli#0,venda,259.02
23/12/25,10:33,Venda cli#0,venda,65.24
23/12/25,10:46,Venda cli#0,venda,207.15
23/12/25,10:51,Venda cli#0,venda,28.0
23/12/25,10:55,Venda cli#0,venda,35.85
23/12/25,10:56,Venda cli#0,venda,12.0
23/12/25,11:13,Venda cli#0,venda,630.96
23/12/25,11:17,Venda cli#0,venda,29.47
23/12/25,11:31,Venda cli#0,venda,41.36
23/12/25,11:36,Venda cli#0,venda,17.0
23/12/25,12:00,Venda cli#0,venda,12.1
23/12/25,12:02,Venda cli#0,venda,73.08
23/12/25,12:03,Venda cli#0,venda,7.0
23/12/25,12:07,Venda cli#0,venda,16.51
23/12/25,12:08,Venda cli#0,venda,454.22
23/12/25,12:14,Venda balcao,venda,382.59
23/12/25,12:18,Venda cli#0,venda,91.6
23/12/25,12:25,Venda cli#0,venda,447.97
23/12/25,12:45,Venda cli#0,venda,11.98
23/12/25,12:53,Venda balcao,venda,141.76
23/12/25,13:29,Venda cli#0,venda,33.09
23/12/25,13:33,Venda cli#0,venda,12.0
23/12/25,13:41,Venda cli#0,venda,24.09
23/12/25,14:16,Venda cli#0,venda,72.69
23/12/25,14:39,Venda cli#0,venda,272.35
23/12/25,15:08,Venda cli#0,venda,288.38
23/12/25,16:29,Venda cli#0,venda,58.04
23/12/25,17:46,Venda cli#0,venda,8.89
23/12/25,17:53,Venda cli#0,venda,56.1
23/12/25,18:02,Venda cli#0,venda,28.06
23/12/25,18:13,FEC: Falta dinheiro no ca,outro,-5205.22
24/12/25,09:16,Venda cli#0,venda,20.0
24/12/25,09:16,Troco Venda cli#0,troco,-7.0
24/12/25,09:30,Venda cli#0,venda,647.86
24/12/25,09:34,Venda cli#0,venda,19.48
24/12/25,09:47,Venda cli#0,venda,118.59
24/12/25,09:48,Venda cli#0,venda,10.0
24/12/25,09:48,Troco Venda cli#0,troco,-0.01
24/12/25,09:51,Venda cli#0,venda,109.8
24/12/25,10:00,Venda cli#0,venda,13.0
24/12/25,10:13,Venda cli#0,venda,276.69
24/12/25,10:17,Venda cli#0,venda,66.81
24/12/25,11:21,Venda cli#0,venda,11.9
24/12/25,11:36,Venda cli#0,venda,21.48
24/12/25,11:48,Venda cli#0,venda,16.1
24/12/25,11:48,Venda cli#0,venda,11.6
24/12/25,12:13,Venda cli#0,venda,65.99
24/12/25,12:14,Venda cli#0,venda,30.8
24/12/25,12:25,Venda cli#0,venda,36.08
24/12/25,12:26,Venda cli#0,venda,202.1
24/12/25,12:28,Venda cli#0,venda,7.09
24/12/25,12:38,Venda cli#0,venda,5.99
24/12/25,12:39,Venda cli#0,venda,5.99
24/12/25,12:41,Venda cli#0,venda,30.08
24/12/25,12:58,Venda cli#0,venda,198.08
24/12/25,13:34,Venda cli#0,venda,50.0
24/12/25,13:34,Troco Venda cli#0,troco,-44.01
24/12/25,13:48,FEC: Falta dinheiro no ca,outro,-1924.49
24/12/25,13:53,Venda cli#0,venda,20.0
24/12/25,13:53,Troco Venda cli#0,troco,-8.81
26/12/25,10:21,Venda cli#0,venda,12.0
26/12/25,10:44,Venda cli#0,venda,93.62
26/12/25,10:48,Venda cli#0,venda,6.1
26/12/25,10:48,Troco Venda cli#0,troco,-0.01
26/12/25,11:12,Venda cli#0,venda,35.47
26/12/25,11:58,Venda cli#0,venda,541.22
26/12/25,12:16,Venda cli#0,venda,50.0
26/12/25,12:16,Troco Venda cli#0,troco,-35.92
26/12/25,12:22,Venda cli#0,venda,21.34
26/12/25,12:48,Venda cli#0,venda,146.8
26/12/25,12:56,Venda cli#0,venda,70.0
26/12/25,13:15,Venda cli#0,venda,67.92
26/12/25,13:18,Venda cli#0,venda,115.55
26/12/25,14:11,Venda cli#0,venda,128.28
26/12/25,15:22,Venda cli#0,venda,214.09
26/12/25,15:30,Venda cli#0,venda,21.9
26/12/25,16:45,FEC: Falta dinheiro no ca,outro,-1499.55
27/12/25,12:58,Venda cli#0,venda,10.0
27/12/25,12:58,Troco Venda cli#0,troco,-4.01
27/12/25,12:58,Venda cli#0,venda,5.99
29/12/25,09:26,Venda cli#0,venda,10.09
29/12/25,09:49,Venda cli#0,venda,10.09
29/12/25,10:08,Venda cli#0,venda,243.9
29/12/25,11:18,Venda cli#0,venda,40.78
29/12/25,11:42,Venda cli#0,venda,6.05
29/12/25,12:06,Venda balcao,venda,138.3
29/12/25,12:18,Venda cli#0,venda,14.1
29/12/25,12:20,Venda cli#0,venda,9.59
29/12/25,13:00,Venda balcao,venda,231.67
29/12/25,14:00,Venda cli#0,venda,284.1
29/12/25,14:40,Venda cli#0,venda,45.79
29/12/25,15:28,Venda cli#0,venda,54.38
29/12/25,15:43,Venda cli#0,venda,3.36
29/12/25,15:44,Venda cli#0,venda,57.98
29/12/25,16:09,Venda cli#0,venda,35.4
29/12/25,17:23,FEC: Falta dinheiro no ca,outro,-1197.56
30/12/25,09:30,Venda cli#0,venda,20.0
30/12/25,09:30,Troco Venda cli#0,troco,-10.01
30/12/25,09:55,Venda cli#0,venda,29.45
30/12/25,10:04,Venda cli#0,venda,12.99
30/12/25,10:11,Venda cli#0,venda,30.71
30/12/25,10:15,Venda cli#0,venda,50.0
30/12/25,10:15,Troco Venda cli#0,troco,-5.42
30/12/25,10:18,Venda cli#0,venda,90.86
30/12/25,10:22,Venda cli#0,venda,538.16
30/12/25,10:39,Venda cli#0,venda,156.83
30/12/25,10:42,Venda balcao,venda,102.81
30/12/25,10:44,Venda cli#0,venda,14.99
30/12/25,10:55,Venda balcao,venda,45.0
30/12/25,10:56,Venda cli#0,venda,469.14
30/12/25,11:04,Venda balcao,venda,220.11
30/12/25,11:53,Venda cli#0,venda,203.24
30/12/25,12:05,Venda cli#0,venda,67.63
30/12/25,12:15,Venda cli#0,venda,58.9
30/12/25,12:27,Venda cli#0,venda,324.55
30/12/25,12:35,Venda cli#0,venda,47.48
30/12/25,12:45,Venda cli#0,venda,56.1
30/12/25,12:55,Venda cli#0,venda,22.5
30/12/25,15:23,Venda balcao,venda,772.11
30/12/25,15:59,Venda cli#0,venda,27.08
30/12/25,16:10,Venda cli#0,venda,17.09
30/12/25,17:29,Venda cli#0,venda,44.39
30/12/25,17:29,FEC: Falta dinheiro no ca,outro,-3176.59
31/12/25,11:27,Venda cli#0,venda,72.19
31/12/25,12:22,Venda cli#0,venda,6.09
31/12/25,13:09,Venda cli#0,venda,59.0
31/12/25,13:26,Venda cli#0,venda,12.99
31/12/25,13:36,FEC: Falta dinheiro no ca,outro,-380.37
02/01/26,10:39,Venda cli#0,venda,20.0
02/01/26,10:39,Troco Venda cli#0,troco,-3.9
02/01/26,12:43,Venda cli#0,venda,9.99
02/01/26,13:27,Venda cli#0,venda,13.9
02/01/26,13:33,Venda cli#0,venda,10.0
02/01/26,13:33,Troco Venda cli#0,troco,-0.91
02/01/26,13:51,Venda cli#0,venda,100.98
02/01/26,16:29,FEC: Falta dinheiro no ca,outro,-150.06
03/01/26,12:35,Venda cli#0,venda,45.0
03/01/26,13:55,FEC: Falta dinheiro no ca,outro,-45.0
05/01/26,10:17,Venda cli#0,venda,19.62
05/01/26,10:29,Venda cli#0,venda,50.0
05/01/26,10:29,Troco Venda cli#0,troco,-25.51
05/01/26,11:17,Venda cli#0,venda,9.98
05/01/26,11:30,Venda cli#0,venda,99.75
05/01/26,11:37,Venda balcao,venda,362.01
05/01/26,11:40,Venda cli#0,venda,126.71
05/01/26,11:43,Venda cli#0,venda,435.36
05/01/26,11:47,Venda balcao,venda,350.98
05/01/26,11:55,Venda balcao,venda,202.31
05/01/26,12:05,Venda cli#0,venda,16.1
05/01/26,12:06,Venda cli#0,venda,14.99
05/01/26,13:34,Venda cli#0,venda,11.51
05/01/26,15:11,Venda cli#0,venda,30.99
05/01/26,16:54,Venda balcao,venda,66.28
05/01/26,17:03,Venda cli#0,venda,104.89
05/01/26,17:42,FEC: Falta dinheiro no ca,outro,-1875.97
06/01/26,09:16,Venda cli#0,venda,78.38
06/01/26,09:27,Venda cli#0,venda,84.0
06/01/26,09:35,Venda balcao,venda,249.85
06/01/26,10:05,Venda cli#0,venda,100.0
06/01/26,10:05,Troco Venda cli#0,troco,-39.56
06/01/26,10:22,Venda cli#0,venda,583.39
06/01/26,10:42,Venda cli#0,venda,27.07
06/01/26,10:46,Venda cli#0,venda,377.13
06/01/26,10:52,Venda cli#0,venda,15.07
06/01/26,11:07,Venda balcao,venda,239.96
06/01/26,11:44,Venda cli#0,venda,149.01
06/01/26,11:59,Venda balcao,venda,220.27
06/01/26,12:22,Venda cli#0,venda,81.96
06/01/26,12:29,Venda balcao,venda,97.54
06/01/26,12:38,Venda cli#0,venda,111.6
06/01/26,12:43,"Venda cli#0 Desc=4,78",venda,43.0
06/01/26,12:52,Venda cli#0,venda,183.58
06/01/26,13:39,Venda cli#0,venda,20.0
06/01/26,13:39,Troco Venda cli#0,troco,-12.0
06/01/26,14:20,Venda cli#0,venda,41.28
06/01/26,14:35,Venda cli#0,venda,26.97
06/01/26,15:19,Venda cli#0,venda,125.05
06/01/26,16:15,Venda cli#0,venda,132.34
06/01/26,16:19,"Venda balcao Desc=52,50",venda,17.15
06/01/26,16:48,Venda cli#0,venda,22.39
06/01/26,17:18,Venda cli#0,venda,81.54
06/01/26,18:12,FEC: Falta dinheiro no ca,outro,-3056.97
07/01/26,09:06,"Venda cli#0 Desc=0,80",venda,35.0
07/01/26,10:16,Venda cli#0,venda,34.42
07/01/26,10:22,Venda cli#0,venda,150.0
07/01/26,10:22,Troco Venda cli#0,troco,-17.73
07/01/26,10:36,Venda cli#0,venda,200.0
07/01/26,10:36,Troco Venda cli#0,troco,-34.0
07/01/26,10:48,Venda cli#0,venda,283.96
07/01/26,13:45,Venda cli#0,venda,33.75
07/01/26,14:36,Venda cli#0,venda,49.49
07/01/26,15:22,Venda cli#0,venda,16.25
07/01/26,15:37,Venda cli#0,venda,71.49
07/01/26,16:03,Venda cli#0,venda,77.05
07/01/26,16:28,Venda cli#0,venda,497.33
07/01/26,16:32,Venda cli#0,venda,537.34
07/01/26,16:34,Venda balcao,venda,111.92
07/01/26,16:52,Venda balcao,venda,888.5
07/01/26,16:56,Venda balcao,venda,431.52
07/01/26,16:59,Venda cli#0,venda,398.76
07/01/26,17:42,Venda cli#0,venda,15.59
07/01/26,17:47,FEC: Falta dinheiro no ca,outro,-3780.64
07/01/26,18:28,Venda cli#0,venda,8.93
08/01/26,09:36,Venda cli#0,venda,152.99
08/01/26,09:40,Venda cli#0,venda,86.68
08/01/26,09:44,Venda balcao,venda,164.13
08/01/26,09:46,Venda balcao,venda,187.9
08/01/26,10:19,Venda balcao,venda,319.48
08/01/26,10:37,Venda cli#0,venda,287.16
08/01/26,11:18,Venda cli#0,venda,109.99
08/01/26,11:37,Venda cli#0,venda,59.25
08/01/26,11:44,Venda cli#0,venda,2.5
08/01/26,11:44,Venda cli#0,venda,28.1
08/01/26,11:45,Venda cli#0,venda,306.91
08/01/26,11:55,Venda cli#0,venda,173.26
08/01/26,12:33,Venda cli#0,venda,134.01
08/01/26,12:54,Venda cli#0,venda,319.49
08/01/26,15:55,Venda cli#0,venda,100.0
08/01/26,15:55,Troco Venda cli#0,troco,-69.01
08/01/26,16:03,Venda cli#0,venda,11.9
08/01/26,16:21,Venda balcao,venda,85.7
08/01/26,16:35,"Venda cli#0 Desc=0,99",venda,8.87
08/01/26,17:12,Venda cli#0,venda,103.28
08/01/26,17:52,FEC: Falta dinheiro no ca,outro,-2581.52
09/01/26,09:32,Venda cli#0,venda,7.12
09/01/26,09:34,Venda cli#0,venda,43.03
09/01/26,10:11,Venda cli#0,venda,12.08
09/01/26,10:44,Venda cli#0,venda,20.0
09/01/26,10:44,Troco Venda cli#0,troco,-15.0
09/01/26,10:47,Venda cli#0,venda,290.9
09/01/26,11:33,Venda cli#0,venda,341.52
09/01/26,11:55,Venda cli#0,venda,45.45
09/01/26,12:01,Venda cli#0,venda,291.24
09/01/26,12:23,Venda cli#0,venda,48.07
09/01/26,12:58,Venda cli#0,venda,223.08
09/01/26,14:00,Venda cli#0,venda,19.98
09/01/26,15:28,Venda cli#0,venda,32.7
09/01/26,16:41,Venda cli#0,venda,42.79
09/01/26,17:24,Venda cli#0,venda,18.67
09/01/26,17:45,FEC: Falta dinheiro no ca,outro,-1421.63
10/01/26,13:21,Venda cli#0,venda,22.99
10/01/26,13:52,Venda cli#0,venda,7.0
10/01/26,13:59,FEC: Falta dinheiro no ca,outro,-29.99
12/01/26,09:31,Venda cli#0,venda,9.0
12/01/26,10:27,Venda cli#0,venda,451.29
12/01/26,10:56,Venda cli#0,venda,14.49
12/01/26,11:16,Venda cli#0,venda,16.0
12/01/26,11:28,Venda cli#0,venda,154.82
12/01/26,11:30,Venda cli#0,venda,151.67
12/01/26,11:44,Venda cli#0,venda,12.91
12/01/26,12:09,Venda balcao,venda,204.86
12/01/26,14:32,Venda cli#0,venda,50.0
12/01/26,14:32,Troco Venda cli#0,troco,-30.02
12/01/26,14:53,Venda cli#0,venda,20.0
12/01/26,14:53,Troco Venda cli#0,troco,-8.01
12/01/26,15:19,Venda balcao,venda,170.27
12/01/26,15:42,Venda cli#0,venda,19.0
12/01/26,15:42,Venda cli#0,venda,19.0
12/01/26,16:05,Venda cli#0,venda,97.03
12/01/26,16:59,Venda cli#0,venda,11.9
12/01/26,17:39,Venda cli#0,venda,11.98
12/01/26,17:44,Venda cli#0,venda,100.0
12/01/26,17:44,Troco Venda cli#0,troco,-67.9
12/01/26,18:02,Venda cli#0,venda,184.97
12/01/26,18:38,Venda cli#0,venda,20.0
12/01/26,19:00,FEC: Falta dinheiro no ca,outro,-1613.26
13/01/26,09:38,"Venda balcao Desc=34,02",venda,646.28
13/01/26,10:11,Venda cli#0,venda,419.37
13/01/26,10:13,Venda cli#0,venda,44.94
13/01/26,10:14,Venda cli#0,venda,51.96
13/01/26,10:41,Venda cli#0,venda,95.08
13/01/26,10:49,Venda cli#0,venda,50.0
13/01/26,11:21,Venda cli#0,venda,237.26
13/01/26,11:22,Venda cli#0,venda,139.84
13/01/26,11:27,Venda cli#0,venda,20.1
13/01/26,11:27,Troco Venda cli#0,troco,-6.01
13/01/26,11:35,Venda balcao,venda,811.32
13/01/26,11:44,Venda cli#0,venda,304.1
13/01/26,11:51,Venda cli#0,venda,287.35
13/01/26,11:52,Venda cli#0,venda,48.84
13/01/26,12:07,Venda cli#0,venda,160.8
13/01/26,12:58,Venda balcao,venda,174.07
13/01/26,12:59,Venda cli#0,venda,7.99
13/01/26,13:04,Venda cli#0,venda,48.37
13/01/26,13:05,Venda balcao,venda,29.87
13/01/26,13:35,Venda cli#0,venda,142.4
13/01/26,13:38,Venda cli#0,venda,246.42
13/01/26,14:24,Venda cli#0,venda,27.96
13/01/26,14:47,Venda cli#0,venda,84.69
13/01/26,15:49,Troco Venda balcao Desc=2,troco,-0.0
13/01/26,16:15,Venda cli#0,venda,4.9
13/01/26,16:31,Venda cli#0,venda,181.34
13/01/26,17:02,Venda cli#0,venda,10.0
13/01/26,17:02,Troco Venda cli#0,troco,-2.9
13/01/26,17:09,Venda cli#0,venda,209.53
13/01/26,17:19,Venda cli#0,venda,147.4
13/01/26,17:20,Venda cli#0,venda,19.67
13/01/26,17:27,Venda cli#0,venda,22.34
13/01/26,17:53,Venda cli#0,venda,170.79
13/01/26,17:57,Venda cli#0,venda,8.01
13/01/26,18:12,FEC: Falta dinheiro no ca,outro,-4844.08
14/01/26,10:08,Venda cli#0,venda,8.57
14/01/26,10:26,Venda cli#0,venda,221.21
14/01/26,10:31,Venda cli#0,venda,24.22
14/01/26,10:43,Venda cli#0,venda,56.09
14/01/26,10:45,Venda cli#0,venda,53.03
14/01/26,11:21,Venda cli#0,venda,552.89
14/01/26,11:23,Venda cli#0,venda,674.35
14/01/26,11:29,Venda cli#0,venda,245.94
14/01/26,11:36,Venda cli#0,venda,9.99
14/01/26,11:47,Venda cli#0,venda,6.99
14/01/26,11:48,Venda cli#0,venda,28.98
14/01/26,12:05,Venda balcao,venda,632.15
14/01/26,13:14,Venda cli#0,venda,29.94
14/01/26,14:54,Venda cli#0,venda,30.5
14/01/26,15:14,Venda balcao,venda,34.48
14/01/26,15:23,Venda balcao,venda,48.4
14/01/26,15:24,Venda cli#0,venda,83.88
14/01/26,15:26,Venda cli#0,venda,173.38
14/01/26,15:45,Venda cli#0,venda,190.83
14/01/26,16:02,Venda cli#0,venda,51.93
14/01/26,16:04,Venda cli#0,venda,361.68
14/01/26,17:54,FEC: Falta dinheiro no ca,outro,-3519.43
15/01/26,10:13,Venda cli#0,venda,201.59
15/01/26,10:24,Venda cli#0,venda,7.09
15/01/26,10:28,Venda cli#0,venda,20.0
15/01/26,10:28,Troco Venda cli#0,troco,-5.01
15/01/26,10:46,Venda cli#0,venda,79.25
15/01/26,10:47,Venda cli#0,venda,146.99
15/01/26,11:01,Venda balcao,venda,181.91
15/01/26,11:23,Venda cli#0,venda,56.7
15/01/26,11:52,Venda cli#0,venda,25.0
15/01/26,11:52,Troco Venda cli#0,troco,-0.78
15/01/26,12:09,Venda cli#0,venda,49.97
15/01/26,14:51,Venda cli#0,venda,168.47
15/01/26,15:16,Venda cli#0,venda,13.34
15/01/26,15:25,Venda cli#0,venda,106.4
15/01/26,15:32,Venda balcao,venda,87.08
15/01/26,15:52,Venda balcao,venda,1409.45
15/01/26,15:58,Venda cli#0,venda,65.58
15/01/26,17:14,FEC: Falta dinheiro no ca,outro,-2613.03
16/01/26,09:28,Venda cli#0,venda,15.09
16/01/26,09:42,Venda cli#0,venda,37.9
16/01/26,09:44,Venda balcao,venda,232.0
16/01/26,10:28,Venda cli#0,venda,321.77
16/01/26,11:10,Venda cli#0,venda,547.38
16/01/26,11:11,Venda cli#0,venda,7.1
16/01/26,11:14,Venda cli#0,venda,150.63
16/01/26,11:23,Venda cli#0,venda,118.79
16/01/26,15:05,Venda cli#0,venda,48.9
16/01/26,15:47,Venda cli#0,venda,318.82
16/01/26,17:13,FEC: Falta dinheiro no ca,outro,-1798.38
16/01/26,17:26,Venda cli#0,venda,417.11
17/01/26,13:07,Venda cli#0,venda,291.28
17/01/26,14:00,FEC: Falta dinheiro no ca,outro,-708.39
19/01/26,10:17,Venda cli#0,venda,43.09
19/01/26,10:22,"Venda cli#0 Desc=25,00",venda,175.0
19/01/26,10:34,Venda balcao,venda,153.14
19/01/26,10:53,Venda cli#0,venda,226.84
19/01/26,11:03,Venda cli#0,venda,200.78
19/01/26,11:04,Venda cli#0,venda,207.1
19/01/26,11:09,Venda cli#0,venda,238.46
19/01/26,11:17,"Venda cli#0 Desc=2,39",venda,21.5
19/01/26,13:55,Venda cli#0,venda,8.99
19/01/26,13:58,Venda cli#0,venda,173.95
19/01/26,18:38,FEC: Falta dinheiro no ca,outro,-1448.85
20/01/26,09:27,Venda cli#0,venda,159.58
20/01/26,09:35,Venda cli#0,venda,50.0
20/01/26,09:35,Troco Venda cli#0,troco,-33.92
20/01/26,10:00,Venda cli#0,venda,186.6
20/01/26,10:07,Venda cli#0,venda,84.12
20/01/26,10:18,Venda cli#0,venda,100.98
20/01/26,10:22,Venda cli#0,venda,100.0
20/01/26,10:22,Troco Venda cli#0,troco,-62.1
20/01/26,10:45,Venda cli#0,venda,24.99
20/01/26,10:54,Venda cli#0,venda,529.65
20/01/26,10:58,Venda cli#0,venda,206.31
20/01/26,11:24,Venda balcao,venda,125.22
20/01/26,11:25,Venda balcao,venda,115.22
20/01/26,11:32,Venda cli#0,venda,687.13
20/01/26,12:16,Venda cli#0,venda,50.26
20/01/26,12:21,Venda balcao,venda,849.01
20/01/26,12:27,Venda cli#0,venda,190.47
20/01/26,12:53,Venda cli#0,venda,70.5
20/01/26,13:00,Venda cli#0,venda,245.77
20/01/26,13:19,Venda balcao,venda,445.68
20/01/26,13:36,Venda cli#0,venda,53.07
20/01/26,13:55,Venda cli#0,venda,30.0
20/01/26,15:15,Venda cli#0,venda,200.0
20/01/26,15:15,Troco Venda cli#0,troco,-46.02
20/01/26,15:53,Venda cli#0,venda,16.0
20/01/26,15:57,Venda cli#0,venda,171.01
20/01/26,16:03,Venda balcao,venda,194.76
20/01/26,16:40,Venda cli#0,venda,217.5
20/01/26,16:48,Venda cli#0,venda,50.97
20/01/26,17:55,"Venda cli#0 Desc=7,15",venda,50.0
20/01/26,18:01,FEC: Falta dinheiro no ca,outro,-5062.76
21/01/26,10:17,Venda cli#0,venda,173.12
21/01/26,10:35,Venda cli#0,venda,344.9
21/01/26,11:20,Venda cli#0,venda,187.02
21/01/26,11:32,Venda cli#0,venda,23.0
21/01/26,11:32,Troco Venda cli#0,troco,-0.26
21/01/26,11:41,Venda cli#0,venda,39.65
21/01/26,11:46,"Venda balcao Desc=11,05",venda,209.94
21/01/26,11:52,Venda cli#0,venda,82.25
21/01/26,11:54,Venda cli#0,venda,87.25
21/01/26,11:58,Venda balcao,venda,623.84
21/01/26,12:28,"Venda balcao Desc=4,24",venda,80.65
21/01/26,12:31,Venda cli#0,venda,143.83
21/01/26,15:45,Venda cli#0,venda,203.82
21/01/26,15:59,Venda cli#0,venda,74.03
21/01/26,16:13,Venda cli#0,venda,178.86
21/01/26,16:14,Venda cli#0,venda,16.9
21/01/26,16:45,Venda cli#0,venda,24.1
21/01/26,16:50,Venda cli#0,venda,89.75
21/01/26,16:50,Venda cli#0,venda,85.14
21/01/26,16:58,Venda cli#0,venda,313.58
21/01/26,18:25,FEC: Falta dinheiro no ca,outro,-2981.37
22/01/26,09:50,Venda cli#0,venda,200.75
22/01/26,09:53,Venda cli#0,venda,14.99
22/01/26,11:05,Venda cli#0,venda,36.21
22/01/26,11:12,Venda cli#0,venda,332.03
22/01/26,11:15,Venda cli#0,venda,948.55
22/01/26,13:59,Venda cli#0,venda,52.33
22/01/26,14:22,Venda cli#0,venda,15.09
22/01/26,15:19,Venda cli#0,venda,449.87
22/01/26,16:24,Venda cli#0,venda,118.33
22/01/26,16:24,FEC: Falta dinheiro no ca,outro,-2168.15
22/01/26,16:55,"Venda cli#0 Desc=1,19",venda,10.71
22/01/26,17:11,Venda cli#0,venda,93.2
22/01/26,17:13,Venda cli#0,venda,103.2
22/01/26,18:07,FEC: Falta dinheiro no ca,outro,-207.11
23/01/26,09:23,Venda cli#0,venda,17.34
23/01/26,09:38,Venda cli#0,venda,18.99
23/01/26,09:47,Venda cli#0,venda,32.97
23/01/26,10:24,Venda cli#0,venda,249.25
23/01/26,10:49,Venda cli#0,venda,551.42
23/01/26,11:07,Venda cli#0,venda,49.05
23/01/26,11:19,"Venda cli#0 Desc=1,55",venda,13.94
23/01/26,11:33,Venda cli#0,venda,56.1
23/01/26,12:48,Venda balcao,venda,553.25
23/01/26,14:46,Venda balcao,venda,331.49
23/01/26,15:23,Venda cli#0,venda,215.69
23/01/26,15:30,Venda cli#0,venda,114.14
23/01/26,15:56,Venda cli#0,venda,20.26
23/01/26,17:13,FEC: Falta dinheiro no ca,outro,-2223.89
24/01/26,12:24,Venda cli#0,venda,3.33
24/01/26,14:20,FEC: Falta dinheiro no ca,outro,-3.33
26/01/26,10:06,Venda cli#0,venda,174.01
26/01/26,11:00,Venda cli#0,venda,38.08
26/01/26,11:09,Venda cli#0,venda,574.4
26/01/26,11:28,Venda balcao,venda,241.31
26/01/26,11:35,Venda cli#0,venda,10.62
26/01/26,11:44,"Venda cli#0 Desc=4,22",venda,38.01
26/01/26,12:43,Venda cli#0,venda,19.72
26/01/26,14:50,Venda cli#0,venda,10.0
26/01/26,14:58,Venda cli#0,venda,120.21
26/01/26,15:17,Venda cli#0,venda,237.56
26/01/26,18:26,FEC: Falta dinheiro no ca,outro,-1463.92
27/01/26,09:36,Venda cli#0,venda,75.04
27/01/26,09:39,Venda cli#0,venda,199.49
27/01/26,09:52,Venda cli#0,venda,23.97
27/01/26,09:56,Venda cli#0,venda,273.6
27/01/26,10:26,Venda cli#0,venda,134.14
27/01/26,10:37,Venda cli#0,venda,559.19
27/01/26,10:47,Venda cli#0,venda,169.39
27/01/26,11:04,Venda cli#0,venda,283.68
27/01/26,11:05,Venda cli#0,venda,14.99
27/01/26,11:10,Venda cli#0,venda,34.12
27/01/26,11:20,Venda cli#0,venda,288.84
27/01/26,11:32,Venda cli#0,venda,447.35
27/01/26,11:47,Venda cli#0,venda,128.02
27/01/26,12:06,Venda cli#0,venda,172.52
27/01/26,12:28,"Venda cli#0 Desc=1,39",venda,12.51
27/01/26,13:06,Venda balcao,venda,124.95
27/01/26,13:26,Venda cli#0,venda,48.33
27/01/26,13:28,Venda balcao,venda,211.79
27/01/26,13:30,Venda balcao,venda,340.4
27/01/26,13:38,Venda balcao,venda,504.11
27/01/26,13:42,Venda balcao,venda,218.85
27/01/26,13:46,Venda balcao,venda,148.65
27/01/26,13:56,Venda cli#0,venda,45.0
27/01/26,14:03,Venda cli#0,venda,144.8
27/01/26,15:53,Venda cli#0,venda,178.73
27/01/26,17:02,Venda cli#0,venda,245.16
27/01/26,17:16,Venda cli#0,venda,50.0
27/01/26,17:16,Troco Venda cli#0,troco,-32.0
27/01/26,17:42,Venda cli#0,venda,106.8
27/01/26,17:42,Troco Venda cli#0,troco,-50.01
27/01/26,18:34,FEC: Falta dinheiro no ca,outro,-5102.41
28/01/26,09:46,Venda cli#0,venda,36.1
28/01/26,10:40,Venda cli#0,venda,56.8
28/01/26,10:59,Venda cli#0,venda,276.88
28/01/26,11:21,Venda cli#0,venda,266.46
28/01/26,11:23,Venda cli#0,venda,58.98
28/01/26,13:39,Venda balcao,venda,68.77
28/01/26,14:55,Venda cli#0,venda,124.06
28/01/26,15:08,Venda cli#0,venda,70.0
28/01/26,15:27,Venda cli#0,venda,28.77
28/01/26,15:50,Venda balcao,venda,718.61
28/01/26,16:22,Venda cli#0,venda,52.08
28/01/26,16:27,Venda cli#0,venda,8.79
28/01/26,16:44,Venda cli#0,venda,15.25
28/01/26,18:02,Venda cli#0,venda,49.98
28/01/26,18:37,FEC: Falta dinheiro no ca,outro,-1831.53
29/01/26,09:29,Venda cli#0,venda,82.03
29/01/26,09:58,Venda cli#0,venda,146.65
29/01/26,10:03,Venda cli#0,venda,113.08
29/01/26,10:22,Venda balcao,venda,58.58
29/01/26,10:44,Venda cli#0,venda,104.49
29/01/26,10:47,Venda cli#0,venda,160.65
29/01/26,10:48,Venda cli#0,venda,100.29
29/01/26,10:56,Venda cli#0,venda,100.0
29/01/26,10:56,Troco Venda cli#0,troco,-15.97
29/01/26,11:09,Venda cli#0,venda,17.97
29/01/26,12:19,Venda cli#0,venda,206.05
29/01/26,14:25,Venda cli#0,venda,134.07
29/01/26,14:48,Venda cli#0,venda,17.97
29/01/26,14:58,Venda cli#0,venda,135.84
29/01/26,15:03,Venda balcao,venda,1223.94
29/01/26,15:04,Venda balcao,venda,163.15
29/01/26,15:08,Venda balcao,venda,75.0
29/01/26,15:16,Venda cli#0,venda,12.09
29/01/26,15:25,Venda cli#0,venda,56.9
29/01/26,17:57,FEC: Falta dinheiro no ca,outro,-2892.78
30/01/26,10:14,Venda cli#0,venda,87.05
30/01/26,10:24,Venda cli#0,venda,16.98
30/01/26,10:31,Venda cli#0,venda,57.97
30/01/26,10:46,Venda cli#0,venda,64.83
30/01/26,11:31,Venda cli#0,venda,237.46
30/01/26,11:36,Venda cli#0,venda,5.99
30/01/26,11:51,Venda cli#0,venda,23.97
30/01/26,11:56,Venda cli#0,venda,147.0
30/01/26,13:17,Venda cli#0,venda,129.13
30/01/26,13:26,Venda cli#0,venda,14.99
30/01/26,15:16,Venda cli#0,venda,19.9
30/01/26,17:15,FEC: Falta dinheiro no ca,outro,-805.27
02/02/26,10:25,Venda cli#0,venda,242.55
02/02/26,10:47,Venda cli#0,venda,17.98
02/02/26,10:48,Venda cli#0,venda,147.96
02/02/26,10:52,Venda cli#0,venda,358.05
02/02/26,11:05,Venda balcao,venda,209.57
02/02/26,11:22,Venda cli#0,venda,22.13
02/02/26,11:23,Venda cli#0,venda,6.45
02/02/26,12:01,Venda balcao,venda,193.18
02/02/26,12:27,Venda cli#0,venda,40.0
02/02/26,12:32,Venda cli#0,venda,26.0
02/02/26,12:32,Venda cli#0,venda,24.0
02/02/26,12:43,Venda cli#0,venda,44.9
02/02/26,13:03,Venda cli#0,venda,5.99
02/02/26,13:37,Venda cli#0,venda,65.98
02/02/26,14:07,"Venda cli#0 Desc=3,98",venda,35.81
02/02/26,16:03,Venda cli#0,venda,137.08
02/02/26,16:09,Venda cli#0,venda,54.71
02/02/26,18:18,FEC: Falta dinheiro no ca,outro,-1632.34
03/02/26,09:36,Venda cli#0,venda,311.8
03/02/26,09:56,Venda cli#0,venda,43.27
03/02/26,10:05,Venda cli#0,venda,408.5
03/02/26,10:13,Venda cli#0,venda,36.18
03/02/26,10:15,Venda cli#0,venda,14.4
03/02/26,10:34,Venda cli#0,venda,111.44
03/02/26,10:40,Venda cli#0,venda,49.95
03/02/26,10:49,Venda cli#0,venda,239.2
03/02/26,11:01,Venda cli#0,venda,324.2
03/02/26,11:21,Venda cli#0,venda,14.59
03/02/26,11:22,"Venda cli#0 Desc=1,00",venda,9.0
03/02/26,11:24,Venda cli#0,venda,406.38
03/02/26,11:28,Venda cli#0,venda,128.87
03/02/26,11:39,Venda cli#0,venda,22.5
03/02/26,12:05,Venda cli#0,venda,8.14
03/02/26,12:16,Venda cli#0,venda,500.29
03/02/26,12:24,Venda cli#0,venda,87.28
03/02/26,12:25,Venda cli#0,venda,41.93
03/02/26,12:29,Venda cli#0,venda,37.48
03/02/26,13:25,Venda balcao,venda,503.44
03/02/26,14:08,Venda balcao,venda,308.48
03/02/26,15:12,Venda balcao,venda,139.09
03/02/26,16:08,Venda balcao,venda,581.33
03/02/26,17:15,Venda cli#0,venda,100.0
03/02/26,17:15,Troco Venda cli#0,troco,-77.5
03/02/26,17:38,Venda cli#0,venda,5.99
03/02/26,17:45,FEC: Falta dinheiro no ca,outro,-4356.23
03/02/26,18:00,Venda cli#0,venda,81.47
04/02/26,10:08,Venda cli#0,venda,37.98
04/02/26,10:37,Venda balcao,venda,182.7
04/02/26,10:41,Venda cli#0,venda,191.01
04/02/26,10:43,Venda balcao,venda,233.99
04/02/26,10:54,Venda cli#0,venda,180.86
04/02/26,11:19,Venda balcao,venda,551.66
04/02/26,12:39,Venda cli#0,venda,31.04
04/02/26,13:09,Venda cli#0,venda,99.76
04/02/26,15:24,Venda balcao,venda,136.67
04/02/26,15:49,Venda cli#0,venda,98.37
04/02/26,16:02,Venda balcao,venda,669.73
04/02/26,16:40,Dev.merc.do cliente,outro,-5.0
04/02/26,17:33,Venda cli#0,venda,33.0
04/02/26,17:44,Venda cli#0,venda,18.28
04/02/26,17:56,FEC: Falta dinheiro no ca,outro,-2541.52
04/02/26,18:00,Venda cli#0,venda,104.06
05/02/26,09:41,Venda cli#0,venda,84.0
05/02/26,09:56,Venda cli#0,venda,55.99
05/02/26,11:20,Troco Venda balcao Desc=8,troco,-0.0
05/02/26,12:17,Venda balcao,venda,120.37
05/02/26,14:42,Venda cli#0,venda,97.25
05/02/26,14:45,"Venda cli#0 Desc=2,00",venda,13.0
05/02/26,15:55,Venda cli#0,venda,11.99
05/02/26,16:14,Venda cli#0,venda,96.96
05/02/26,16:36,Venda cli#0,venda,30.0
05/02/26,17:39,FEC: Falta dinheiro no ca,outro,-613.62
06/02/26,09:49,Venda cli#0,venda,27.59
06/02/26,10:08,Venda cli#0,venda,326.31
06/02/26,10:11,Venda cli#0,venda,36.98
06/02/26,10:22,Venda cli#0,venda,675.53
06/02/26,10:26,Venda cli#0,venda,341.84
06/02/26,10:48,Venda cli#0,venda,235.5
06/02/26,11:25,Venda cli#0,venda,147.68
06/02/26,11:58,Venda cli#0,venda,792.96
06/02/26,12:54,Venda cli#0,venda,321.9
06/02/26,13:06,Venda cli#0,venda,74.57
06/02/26,13:17,Venda balcao,venda,39.0
06/02/26,14:34,Venda cli#0,venda,31.68
06/02/26,15:05,Venda cli#0,venda,84.73
06/02/26,15:37,Venda cli#0,venda,202.65
06/02/26,16:37,Venda cli#0,venda,186.38
06/02/26,17:21,FEC: Falta dinheiro no ca,outro,-3525.3
07/02/26,09:53,Venda cli#0,venda,8.0
07/02/26,11:31,"Venda cli#0 Desc=3,00",venda,27.0
07/02/26,11:51,Venda cli#0,venda,11.98
07/02/26,12:04,Venda cli#0,venda,26.64
07/02/26,12:12,Venda cli#0,venda,19.97
07/02/26,13:11,Venda cli#0,venda,10.0
07/02/26,13:11,Troco Venda cli#0,troco,-6.31
07/02/26,13:53,FEC: Falta dinheiro no ca,outro,-97.28
09/02/26,09:39,Venda cli#0,venda,10.0
09/02/26,09:39,Troco Venda cli#0,troco,-5.0
09/02/26,09:45,Venda cli#0,venda,104.25
09/02/26,10:35,Venda cli#0,venda,24.08
09/02/26,10:56,Venda cli#0,venda,15.31
09/02/26,11:07,Venda cli#0,venda,16.98
09/02/26,11:08,Venda cli#0,venda,45.78
09/02/26,11:12,Venda cli#0,venda,65.1
09/02/26,11:18,Venda balcao,venda,337.82
09/02/26,11:30,Venda cli#0,venda,147.89
09/02/26,11:47,Venda cli#0,venda,111.93
09/02/26,11:57,Venda cli#0,venda,274.16
09/02/26,12:32,Venda cli#0,venda,135.0
09/02/26,15:34,Venda cli#0,venda,50.0
09/02/26,15:34,Troco Venda cli#0,troco,-28.0
09/02/26,15:42,Venda cli#0,venda,16.68
09/02/26,15:47,Venda cli#0,venda,96.77
09/02/26,16:16,Venda cli#0,venda,235.65
09/02/26,16:49,Venda balcao,venda,239.04
09/02/26,17:05,Venda cli#0,venda,34.03
09/02/26,17:56,Venda cli#0,venda,11.99
09/02/26,18:33,FEC: Falta dinheiro no ca,outro,-1939.46
10/02/26,10:09,Venda balcao,venda,207.53
10/02/26,10:11,Venda cli#0,venda,217.15
10/02/26,10:23,"Venda balcao Desc=22,19",venda,421.66
10/02/26,10:53,Venda cli#0,venda,100.0
10/02/26,10:53,Troco Venda cli#0,troco,-7.27
10/02/26,10:57,Venda cli#0,venda,96.91
10/02/26,11:10,Venda cli#0,venda,190.67
10/02/26,11:13,Venda cli#0,venda,186.12
10/02/26,11:15,Venda cli#0,venda,19.09
10/02/26,11:32,Venda balcao,venda,76.52
10/02/26,11:35,Venda cli#0,venda,178.01
10/02/26,11:45,Venda balcao,venda,354.5
10/02/26,11:47,Venda cli#0,venda,63.9
10/02/26,12:16,Venda cli#0,venda,186.92
10/02/26,12:17,Venda cli#0,venda,98.27
10/02/26,12:39,Venda cli#0,venda,8.5
10/02/26,12:59,Venda balcao,venda,78.23
10/02/26,14:11,Venda cli#0,venda,24.82
10/02/26,14:24,Venda balcao,venda,177.32
10/02/26,14:36,Venda cli#0,venda,23.8
10/02/26,14:50,Venda cli#0,venda,161.4
10/02/26,15:07,Venda cli#0,venda,37.05
10/02/26,15:18,Venda balcao,venda,456.9
10/02/26,15:20,Venda balcao,venda,352.31
10/02/26,15:30,Venda cli#0,venda,101.51
10/02/26,15:34,Venda cli#0,venda,19.09
10/02/26,16:05,Venda cli#0,venda,20.0
10/02/26,16:05,Troco Venda cli#0,troco,-7.01
10/02/26,16:05,Venda cli#0,venda,17.89
10/02/26,16:59,Venda cli#0,venda,4.65
10/02/26,17:06,Venda cli#0,venda,11.98
10/02/26,17:21,FEC: Falta dinheiro no ca,outro,-3878.42
10/02/26,17:32,Venda cli#0,venda,20.0
10/02/26,17:32,Troco Venda cli#0,troco,-1.0
10/02/26,17:35,Venda cli#0,venda,37.98
10/02/26,18:06,Venda cli#0,venda,5.99
11/02/26,09:54,Venda cli#0,venda,113.45
11/02/26,10:18,Venda cli#0,venda,232.06
11/02/26,10:47,Venda cli#0,venda,33.8
11/02/26,11:23,Venda cli#0,venda,60.27
11/02/26,11:26,Venda cli#0,venda,15.99
11/02/26,11:53,Venda cli#0,venda,99.71
11/02/26,14:07,Venda cli#0,venda,10.0
11/02/26,14:07,Troco Venda cli#0,troco,-1.9
11/02/26,15:01,Venda cli#0,venda,116.64
11/02/26,15:21,Venda cli#0,venda,35.07
11/02/26,16:06,Venda cli#0,venda,21.98
11/02/26,16:48,Venda cli#0,venda,53.77
11/02/26,18:00,Venda cli#0,venda,75.99
11/02/26,18:19,FEC: Falta dinheiro no ca,outro,-929.8
11/02/26,19:42,Venda cli#0,venda,428.92
12/02/26,10:47,Venda cli#0,venda,196.53
12/02/26,10:48,Venda cli#0,venda,72.08
12/02/26,10:51,"Venda cli#0 Desc=2,89",venda,26.01
12/02/26,10:52,Venda cli#0,venda,35.06
12/02/26,10:58,Venda cli#0,venda,20.1
12/02/26,11:08,Venda cli#0,venda,16.1
12/02/26,11:11,Venda cli#0,venda,278.77
12/02/26,11:30,Venda cli#0,venda,30.63
12/02/26,11:31,Venda cli#0,venda,179.74
12/02/26,12:06,Venda cli#0,venda,10.0
12/02/26,12:06,Troco Venda cli#0,troco,-5.77
12/02/26,12:15,Venda cli#0,venda,5.99
12/02/26,12:37,Venda cli#0,venda,11.99
12/02/26,15:57,Venda cli#0,venda,109.53
12/02/26,17:23,Venda cli#0,venda,40.0
12/02/26,17:55,FEC: Falta dinheiro no ca,outro,-1455.68
13/02/26,09:13,Venda cli#0,venda,64.28
13/02/26,09:43,Venda balcao,venda,86.66
13/02/26,09:53,Venda cli#0,venda,327.86
13/02/26,10:05,"Venda cli#0 Desc=4,00",venda,20.0
13/02/26,10:05,"Troco Venda cli#0 Desc=4,",troco,-12.1
13/02/26,10:10,Venda cli#0,venda,216.23
13/02/26,10:12,Venda cli#0,venda,36.04
13/02/26,10:37,Venda cli#0,venda,20.0
13/02/26,10:37,Troco Venda cli#0,troco,-8.1
13/02/26,11:56,Venda cli#0,venda,298.92
13/02/26,12:04,Venda cli#0,venda,49.69
13/02/26,12:09,"Venda cli#0 Desc=2,99",venda,26.91
13/02/26,13:11,Venda cli#0,venda,10.0
13/02/26,13:11,Troco Venda cli#0,troco,-4.38
13/02/26,14:07,Venda cli#0,venda,428.87
13/02/26,14:16,Venda cli#0,venda,13.06
13/02/26,14:46,Venda cli#0,venda,50.0
13/02/26,14:46,Troco Venda cli#0,troco,-23.0
13/02/26,16:27,Venda cli#0,venda,88.89
13/02/26,16:33,FEC: Falta dinheiro no ca,outro,-1689.83
16/02/26,09:32,Venda cli#0,venda,12.0
16/02/26,09:32,Troco Venda cli#0,troco,-0.1
16/02/26,11:07,Venda cli#0,venda,146.43
16/02/26,15:16,Venda cli#0,venda,86.97
16/02/26,15:29,Venda cli#0,venda,80.46
16/02/26,15:30,Venda cli#0,venda,7.99
16/02/26,15:48,Venda balcao,venda,635.67
16/02/26,15:50,Venda cli#0,venda,95.99
16/02/26,15:54,Venda balcao,venda,640.57
16/02/26,16:40,FEC: Falta dinheiro no ca,outro,-1705.98
17/02/26,10:37,Venda cli#0,venda,66.51
17/02/26,11:37,Venda cli#0,venda,131.57
17/02/26,14:03,FEC: Falta dinheiro no ca,outro,-198.08
18/02/26,09:26,Venda balcao,venda,200.0
18/02/26,09:26,Troco Venda balcao,troco,-59.22
18/02/26,09:39,Venda cli#0,venda,136.57
18/02/26,09:45,Venda cli#0,venda,36.06
18/02/26,10:19,Venda cli#0,venda,120.36
18/02/26,10:22,Venda cli#0,venda,8.0
18/02/26,11:12,Venda cli#0,venda,538.11
18/02/26,11:46,Venda cli#0,venda,45.0
18/02/26,12:28,Venda cli#0,venda,136.03
18/02/26,12:48,Venda cli#0,venda,17.99
18/02/26,12:54,Venda cli#0,venda,506.02
18/02/26,12:58,Venda cli#0,venda,153.4
18/02/26,13:01,Venda cli#0,venda,130.86
18/02/26,13:05,Venda cli#0,venda,240.53
18/02/26,13:12,Venda balcao,venda,103.76
18/02/26,15:01,Venda cli#0,venda,159.99
18/02/26,15:08,Venda cli#0,venda,59.98
18/02/26,15:20,Venda balcao,venda,219.68
18/02/26,15:29,Venda balcao,venda,77.22
18/02/26,16:36,"Venda balcao Desc=35,76",venda,321.13
18/02/26,17:12,Venda balcao,venda,192.57
18/02/26,17:16,Venda cli#0,venda,71.2
18/02/26,17:51,FEC: Falta dinheiro no ca,outro,-3415.24
18/02/26,18:13,Venda cli#0,venda,9.61
19/02/26,09:33,Venda cli#0,venda,165.3
19/02/26,09:39,Venda cli#0,venda,25.99
19/02/26,09:59,Venda cli#0,venda,157.42
19/02/26,10:25,Venda cli#0,venda,63.02
19/02/26,10:29,Venda balcao,venda,46.0
19/02/26,10:42,Venda cli#0,venda,13.29
19/02/26,10:53,Venda balcao,venda,611.29
19/02/26,10:54,Venda cli#0,venda,16.9
19/02/26,11:17,Venda cli#0,venda,20.39
19/02/26,11:42,Venda cli#0,venda,164.91
19/02/26,12:12,Venda cli#0,venda,10.0
19/02/26,12:12,Troco Venda cli#0,troco,-1.51
19/02/26,12:38,Venda cli#0,venda,25.0
19/02/26,12:45,Venda cli#0,venda,23.0
19/02/26,12:45,Troco Venda cli#0,troco,-0.5
19/02/26,14:51,Venda cli#0,venda,83.76
19/02/26,16:51,Venda cli#0,venda,90.31
19/02/26,17:19,Venda cli#0,venda,30.0
19/02/26,17:19,Troco Venda cli#0,troco,-8.61
19/02/26,17:53,FEC: Falta dinheiro no ca,outro,-1545.57
20/02/26,10:20,Venda cli#0,venda,20.0
20/02/26,10:20,Troco Venda cli#0,troco,-7.71
20/02/26,10:22,Venda cli#0,venda,23.02
20/02/26,10:29,Venda cli#0,venda,355.28
20/02/26,11:38,Venda cli#0,venda,154.46
20/02/26,12:03,Venda cli#0,venda,150.4
20/02/26,12:33,"Venda balcao Desc=16,87",venda,320.53
20/02/26,12:48,Venda cli#0,venda,425.5
20/02/26,14:18,Venda cli#0,venda,52.06
20/02/26,14:42,Venda cli#0,venda,132.07
20/02/26,15:25,Venda cli#0,venda,10.99
20/02/26,16:39,Venda cli#0,venda,6.93
20/02/26,17:09,Venda cli#0,venda,40.1
20/02/26,17:11,FEC: Falta dinheiro no ca,outro,-1683.63
21/02/26,09:15,Venda cli#0,venda,28.0
21/02/26,09:15,Venda cli#0,venda,28.0
21/02/26,13:20,Venda cli#0,venda,18.88
21/02/26,14:01,FEC: Falta dinheiro no ca,outro,-74.88
23/02/26,09:57,Venda cli#0,venda,157.91
23/02/26,10:33,Venda balcao,venda,292.41
23/02/26,10:39,Venda balcao,venda,20.16
23/02/26,10:45,Venda cli#0,venda,13.13
23/02/26,10:49,Venda balcao,venda,296.87
23/02/26,11:01,Venda cli#0,venda,178.86
23/02/26,11:11,Venda cli#0,venda,6.47
23/02/26,11:22,Venda cli#0,venda,27.5
23/02/26,11:54,Venda cli#0,venda,9.99
23/02/26,12:23,Venda cli#0,venda,55.59
23/02/26,13:14,Venda cli#0,venda,28.98
23/02/26,13:20,Venda cli#0,venda,9.99
23/02/26,14:31,"Venda cli#0 Desc=2,80",venda,25.19
23/02/26,15:41,Venda balcao,venda,223.35
23/02/26,15:48,Venda cli#0,venda,100.0
23/02/26,15:48,Troco Venda cli#0,troco,-79.8
23/02/26,15:52,Venda cli#0,venda,18.09
23/02/26,16:03,Venda cli#0,venda,218.58
23/02/26,16:44,Venda cli#0,venda,179.19
23/02/26,16:44,Venda cli#0,venda,29.98
23/02/26,16:54,Venda cli#0,venda,95.6
23/02/26,16:55,"Venda balcao Desc=15,00",venda,211.41
23/02/26,17:44,FEC: Falta dinheiro no ca,outro,-2119.45
24/02/26,09:54,Venda cli#0,venda,176.88
24/02/26,09:59,Venda cli#0,venda,135.95
24/02/26,10:18,Venda cli#0,venda,1028.69
24/02/26,10:24,Venda cli#0,venda,114.46
24/02/26,10:28,Venda cli#0,venda,80.97
24/02/26,10:38,Venda cli#0,venda,151.52
24/02/26,10:45,Venda cli#0,venda,268.47
24/02/26,10:52,Venda cli#0,venda,592.17
24/02/26,11:18,Venda cli#0,venda,79.14
24/02/26,11:38,Venda cli#0,venda,16.1
24/02/26,11:39,Venda cli#0,venda,68.19
24/02/26,11:59,Venda cli#0,venda,17.99
24/02/26,12:02,Venda cli#0,venda,36.66
24/02/26,12:07,Venda cli#0,venda,12.99
24/02/26,12:26,"Venda balcao Desc=14,64",venda,278.2
24/02/26,13:06,Venda cli#0,venda,346.44
24/02/26,13:06,Venda cli#0,venda,24.0
24/02/26,13:11,Venda balcao,venda,500.93
24/02/26,13:18,Venda cli#0,venda,34.1
24/02/26,14:02,Venda cli#0,venda,26.16
24/02/26,14:47,Venda balcao,venda,157.44
24/02/26,14:47,Venda balcao,venda,22.99
24/02/26,15:42,Venda cli#0,venda,75.94
24/02/26,16:01,Venda cli#0,venda,73.03
24/02/26,16:05,Venda cli#0,venda,20.1
24/02/26,16:05,Troco Venda cli#0,troco,-10.0
24/02/26,16:07,Venda cli#0,venda,27.1
24/02/26,16:22,Venda cli#0,venda,14.08
24/02/26,17:24,FEC: Falta dinheiro no ca,outro,-4370.69
24/02/26,17:33,Venda cli#0,venda,190.91
24/02/26,17:37,Venda cli#0,venda,102.0
24/02/26,17:37,Troco Venda cli#0,troco,-50.37
25/02/26,09:45,Venda cli#0,venda,127.43
25/02/26,10:06,Venda cli#0,venda,225.86
25/02/26,10:23,Venda cli#0,venda,34.99
25/02/26,10:28,Venda cli#0,venda,9.09
25/02/26,10:39,Venda cli#0,venda,71.29
25/02/26,10:48,Venda cli#0,venda,100.0
25/02/26,10:48,Troco Venda cli#0,troco,-40.77
25/02/26,10:54,Venda cli#0,venda,22.5
25/02/26,11:04,Venda cli#0,venda,26.59
25/02/26,11:26,Venda cli#0,venda,18.09
25/02/26,11:47,Venda cli#0,venda,143.46
25/02/26,15:43,Venda cli#0,venda,392.36
25/02/26,16:07,Venda cli#0,venda,50.08
25/02/26,18:34,FEC: Falta dinheiro no ca,outro,-1423.51
26/02/26,09:36,Venda cli#0,venda,51.98
26/02/26,09:47,Venda cli#0,venda,84.0
26/02/26,09:51,Venda cli#0,venda,48.09
26/02/26,10:31,Venda cli#0,venda,372.62
26/02/26,10:33,Venda cli#0,venda,377.81
26/02/26,11:32,Venda cli#0,venda,141.27
26/02/26,12:07,Venda cli#0,venda,267.6
26/02/26,13:17,"Venda balcao Desc=8,00",venda,132.1
26/02/26,13:22,Venda cli#0,venda,529.4
26/02/26,13:28,Venda cli#0,venda,45.0
26/02/26,13:53,Venda balcao,venda,79.7
26/02/26,16:37,Venda cli#0,venda,69.39
26/02/26,17:45,FEC: Falta dinheiro no ca,outro,-2198.96
27/02/26,09:46,Venda cli#0,venda,125.13
27/02/26,10:29,Venda cli#0,venda,21.91
27/02/26,10:42,Venda balcao,venda,45.68
27/02/26,11:02,Venda cli#0,venda,74.85
27/02/26,11:22,Venda cli#0,venda,56.0
27/02/26,11:41,Venda cli#0,venda,55.64
27/02/26,11:52,Venda cli#0,venda,159.19
27/02/26,12:13,Venda balcao,venda,176.76
27/02/26,12:17,Venda cli#0,venda,23.96
27/02/26,12:31,Venda cli#0,venda,124.7
27/02/26,13:45,Venda cli#0,venda,5.99
27/02/26,14:00,Venda cli#0,venda,36.06
27/02/26,14:10,Venda cli#0,venda,7.0
27/02/26,14:16,Venda cli#0,venda,90.92
27/02/26,14:23,Venda cli#0,venda,20.0
27/02/26,14:33,Venda cli#0,venda,244.42
27/02/26,14:51,Venda cli#0,venda,139.79
27/02/26,14:53,Venda cli#0,venda,106.29
27/02/26,15:05,"Venda cli#0 Desc=2,79",venda,25.1
27/02/26,15:07,Venda cli#0,venda,7.0
27/02/26,16:17,Venda cli#0,venda,22.22
27/02/26,16:57,Venda cli#0,venda,55.49
27/02/26,17:00,Venda cli#0,venda,41.17
27/02/26,17:01,Venda cli#0,venda,65.64
27/02/26,17:17,FEC: Falta dinheiro no ca,outro,-1730.91
28/02/26,09:48,Venda cli#0,venda,80.87
28/02/26,12:25,Venda cli#0,venda,20.0
28/02/26,12:25,Troco Venda cli#0,troco,-10.91
28/02/26,14:41,FEC: Falta dinheiro no ca,outro,-89.96
02/03/26,09:39,Venda cli#0,venda,12.0
02/03/26,10:30,Venda cli#0,venda,442.41
02/03/26,10:43,"Venda balcao Desc=20,68",venda,392.82
02/03/26,10:56,Venda cli#0,venda,328.38
02/03/26,11:03,Venda cli#0,venda,19.9
02/03/26,11:06,Venda cli#0,venda,299.33
02/03/26,12:24,Venda cli#0,venda,112.13
02/03/26,12:27,Venda cli#0,venda,479.4
02/03/26,12:28,Venda cli#0,venda,8.27
02/03/26,12:48,Venda cli#0,venda,138.1
02/03/26,12:49,Venda cli#0,venda,23.98
02/03/26,13:18,"Venda cli#0 Desc=4,08",venda,36.71
02/03/26,16:19,Venda cli#0,venda,91.67
02/03/26,16:28,Venda cli#0,venda,100.0
02/03/26,16:28,Troco Venda cli#0,troco,-14.01
02/03/26,16:39,Venda cli#0,venda,113.72
02/03/26,16:40,Venda cli#0,venda,17.0
02/03/26,17:00,Venda balcao,venda,382.92
02/03/26,17:47,Venda cli#0,venda,240.55
02/03/26,17:51,Venda cli#0,venda,73.92
02/03/26,18:01,FEC: Falta dinheiro no ca,outro,-3299.2
03/03/26,09:31,Venda cli#0,venda,265.55
03/03/26,09:33,Venda cli#0,venda,180.69
03/03/26,09:45,Venda cli#0,venda,65.13
03/03/26,09:56,Venda cli#0,venda,85.0
03/03/26,10:08,Venda cli#0,venda,185.22
03/03/26,10:16,Venda cli#0,venda,205.71
03/03/26,10:19,Venda cli#0,venda,319.45
03/03/26,10:21,Venda cli#0,venda,36.07
03/03/26,10:42,Venda balcao,venda,166.14
03/03/26,10:49,Venda cli#0,venda,539.83
03/03/26,10:52,Venda cli#0,venda,168.11
03/03/26,11:02,Venda balcao,venda,213.44
03/03/26,11:32,Venda cli#0,venda,23.05
03/03/26,11:33,Venda cli#0,venda,19.98
03/03/26,11:48,Venda balcao,venda,100.97
03/03/26,12:47,Venda balcao,venda,255.77
03/03/26,13:22,Venda cli#0,venda,4.39
03/03/26,13:24,Venda cli#0,venda,10.6
03/03/26,15:26,Venda balcao,venda,888.94
03/03/26,15:35,Venda cli#0,venda,47.26
03/03/26,16:49,Venda cli#0,venda,20.0
03/03/26,16:49,Troco Venda cli#0,troco,-6.43
03/03/26,17:02,Venda cli#0,venda,97.74
03/03/26,17:43,Venda cli#0,venda,10.0
03/03/26,17:43,Troco Venda cli#0,troco,-6.67
03/03/26,17:56,FEC: Falta dinheiro no ca,outro,-3895.94
03/03/26,18:37,Venda cli#0,venda,24.99
04/03/26,10:48,Venda cli#0,venda,136.36
04/03/26,11:17,Venda balcao,venda,54.71
04/03/26,11:25,Venda cli#0,venda,111.45
04/03/26,11:34,Venda cli#0,venda,33.38
04/03/26,15:07,Venda cli#0,venda,23.96
04/03/26,16:09,Venda cli#0,venda,446.79
04/03/26,17:31,Venda cli#0,venda,9.99
04/03/26,18:37,FEC: Falta dinheiro no ca,outro,-841.63
05/03/26,09:44,Venda cli#0,venda,51.98
05/03/26,09:49,Venda cli#0,venda,56.0
05/03/26,09:52,"Venda cli#0 Desc=1,19",venda,10.71
05/03/26,09:58,Venda cli#0,venda,100.0
05/03/26,09:58,Troco Venda cli#0,troco,-2.26
05/03/26,10:12,Venda cli#0,venda,130.34
05/03/26,10:23,Venda cli#0,venda,10.1
05/03/26,10:27,Venda cli#0,venda,64.74
05/03/26,10:29,Venda cli#0,venda,13.21
05/03/26,11:11,Venda cli#0,venda,50.0
05/03/26,11:11,Troco Venda cli#0,troco,-26.1
05/03/26,11:17,Venda cli#0,venda,119.8
05/03/26,11:23,Venda cli#0,venda,83.73
05/03/26,13:42,Venda cli#0,venda,13.0
05/03/26,15:40,Venda cli#0,venda,38.54
05/03/26,16:46,Venda cli#0,venda,8.0
05/03/26,17:02,Venda cli#0,venda,20.0
05/03/26,17:02,Troco Venda cli#0,troco,-14.02
05/03/26,17:47,Venda cli#0,venda,51.98
05/03/26,18:06,FEC: Falta dinheiro no ca,outro,-779.75
06/03/26,10:19,Venda cli#0,venda,94.79
06/03/26,10:44,Venda cli#0,venda,16.98
06/03/26,11:11,Venda cli#0,venda,641.35
06/03/26,11:27,Venda cli#0,venda,17.12
06/03/26,13:10,Venda cli#0,venda,37.95
06/03/26,13:11,Venda cli#0,venda,11.09
06/03/26,13:15,Venda cli#0,venda,211.81
06/03/26,13:17,Venda cli#0,venda,154.64
06/03/26,14:26,Venda cli#0,venda,137.98
06/03/26,16:57,Venda cli#0,venda,305.1
06/03/26,17:03,FEC: Falta dinheiro no ca,outro,-1628.81
09/03/26,09:40,Venda cli#0,venda,178.4
09/03/26,09:42,Venda cli#0,venda,196.41
09/03/26,09:47,Venda balcao,venda,176.69
09/03/26,10:23,Venda cli#0,venda,487.5
09/03/26,10:29,Venda cli#0,venda,285.45
09/03/26,10:40,Venda cli#0,venda,27.71
09/03/26,11:05,Venda cli#0,venda,18.9
09/03/26,11:44,Venda cli#0,venda,19.98
09/03/26,12:16,Venda cli#0,venda,6.99
09/03/26,15:44,Venda cli#0,venda,10.7
09/03/26,15:51,"Venda cli#0 Desc=5,78",venda,52.05
09/03/26,15:53,Venda cli#0,venda,22.5
09/03/26,16:46,Venda cli#0,venda,235.78
09/03/26,16:48,Venda cli#0,venda,64.13
09/03/26,17:33,FEC: Falta dinheiro no ca,outro,-1783.19
09/03/26,17:46,Venda cli#0,venda,90.83
09/03/26,17:52,Venda cli#0,venda,27.99
10/03/26,09:36,Venda cli#0,venda,13.74
10/03/26,09:40,Venda cli#0,venda,84.68
10/03/26,09:41,Venda cli#0,venda,121.03
10/03/26,09:58,Venda cli#0,venda,3.96
10/03/26,10:07,Venda balcao,venda,507.61
10/03/26,10:15,Venda cli#0,venda,1077.36
10/03/26,10:20,Venda cli#0,venda,35.32
10/03/26,10:36,Venda cli#0,venda,72.42
10/03/26,10:37,Venda cli#0,venda,238.23
10/03/26,11:02,Venda balcao,venda,206.84
10/03/26,11:35,"Venda cli#0 Desc=1,20",venda,10.79
10/03/26,11:51,Venda cli#0,venda,37.39
10/03/26,12:02,"Venda cli#0 Desc=1,20",venda,10.79
10/03/26,12:09,Venda cli#0,venda,338.92
10/03/26,12:28,Venda cli#0,venda,56.9
10/03/26,12:34,Venda cli#0,venda,107.07
10/03/26,12:35,Venda cli#0,venda,6.99
10/03/26,12:35,Venda cli#0,venda,3.92
10/03/26,12:48,Venda cli#0,venda,360.85
10/03/26,13:23,Venda cli#0,venda,30.06
10/03/26,13:36,Venda balcao,venda,156.94
10/03/26,13:39,Venda cli#0,venda,16.98
10/03/26,16:13,Venda cli#0,venda,20.1
10/03/26,17:41,FEC: Falta dinheiro no ca,outro,-3637.71
11/03/26,09:14,Venda cli#0,venda,9.99
11/03/26,09:56,Venda cli#0,venda,24.99
11/03/26,10:08,Venda cli#0,venda,21.07
11/03/26,10:11,Venda cli#0,venda,143.23
11/03/26,10:13,Venda cli#0,venda,142.79
11/03/26,11:02,Venda cli#0,venda,42.32
11/03/26,11:11,Venda cli#0,venda,106.3
11/03/26,11:16,Venda balcao,venda,632.73
11/03/26,11:24,Venda cli#0,venda,21.1
11/03/26,11:27,Venda cli#0,venda,191.98
11/03/26,11:46,Venda cli#0,venda,5.71
11/03/26,16:00,Venda cli#0,venda,200.0
11/03/26,16:00,Troco Venda cli#0,troco,-26.02
11/03/26,16:10,Venda cli#0,venda,77.97
11/03/26,16:12,Venda cli#0,venda,64.57
11/03/26,16:30,Venda cli#0,venda,15.0
11/03/26,16:30,Troco Venda cli#0,troco,-2.01
11/03/26,16:39,Venda cli#0,venda,148.16
11/03/26,17:46,Venda cli#0,venda,120.46
11/03/26,17:48,Venda cli#0,venda,28.18
11/03/26,18:03,FEC: Falta dinheiro no ca,outro,-1968.52
11/03/26,18:13,Venda cli#0,venda,5.0
11/03/26,18:15,Venda cli#0,venda,35.98
11/03/26,18:23,Venda cli#0,venda,9.49
12/03/26,10:11,Venda balcao,venda,45.23
12/03/26,10:17,Venda cli#0,venda,558.18
12/03/26,10:25,Venda cli#0,venda,446.85
12/03/26,11:45,Venda cli#0,venda,82.15
12/03/26,11:48,Venda cli#0,venda,55.77
12/03/26,13:57,Venda cli#0,venda,19.37
12/03/26,17:53,FEC: Falta dinheiro no ca,outro,-1258.02
13/03/26,10:02,Venda cli#0,venda,14.67
13/03/26,10:36,Venda cli#0,venda,20.0
13/03/26,10:51,Venda cli#0,venda,337.27
13/03/26,11:16,Venda cli#0,venda,73.25
13/03/26,13:02,Venda cli#0,venda,24.99
13/03/26,14:34,Venda cli#0,venda,36.77
13/03/26,15:19,Venda cli#0,venda,51.08
13/03/26,15:52,"Venda cli#0 Desc=6,00",venda,55.0
13/03/26,15:58,Venda cli#0,venda,5.73
13/03/26,16:10,Venda cli#0,venda,18.1
13/03/26,16:19,Venda cli#0,venda,134.59
13/03/26,16:56,"Venda cli#0 Desc=2,16",venda,19.43
13/03/26,17:18,Venda cli#0,venda,50.13
13/03/26,17:18,FEC: Falta dinheiro no ca,outro,-841.01
16/03/26,09:30,Venda cli#0,venda,328.92
16/03/26,09:37,Venda cli#0,venda,69.27
16/03/26,10:25,Venda cli#0,venda,6.99
16/03/26,10:45,Venda cli#0,venda,213.36
16/03/26,10:52,Venda cli#0,venda,9.99
16/03/26,11:00,Venda cli#0,venda,561.27
16/03/26,11:10,Venda cli#0,venda,9.99
16/03/26,11:16,Venda cli#0,venda,21.27
16/03/26,11:37,Venda cli#0,venda,53.2
16/03/26,11:40,Venda balcao,venda,27.8
16/03/26,11:51,Venda cli#0,venda,44.06
16/03/26,12:15,Venda cli#0,venda,19.98
16/03/26,13:01,Venda cli#0,venda,82.16
16/03/26,13:59,Venda cli#0,venda,22.08
16/03/26,14:19,Venda cli#0,venda,58.97
16/03/26,15:17,Venda cli#0,venda,176.65
16/03/26,15:58,Venda cli#0,venda,8.1
16/03/26,16:06,Venda cli#0,venda,12.0
16/03/26,16:27,Venda cli#0,venda,61.96
16/03/26,16:30,Venda cli#0,venda,101.12
16/03/26,16:52,Venda cli#0,venda,50.0
16/03/26,16:52,Troco Venda cli#0,troco,-11.75
16/03/26,16:54,Venda balcao,venda,728.12
16/03/26,16:55,Venda cli#0,venda,19.98
16/03/26,16:57,Venda cli#0,venda,46.7
16/03/26,16:59,Venda cli#0,venda,89.09
16/03/26,17:01,Venda cli#0,venda,134.47
16/03/26,17:10,Venda cli#0,venda,37.98
16/03/26,17:42,Venda cli#0,venda,198.9
16/03/26,18:06,FEC: Falta dinheiro no ca,outro,-3182.63
17/03/26,09:23,Venda balcao,venda,518.75
17/03/26,09:40,Venda cli#0,venda,141.45
17/03/26,09:50,Venda cli#0,venda,207.53
17/03/26,09:50,Venda cli#0,venda,5.0
17/03/26,09:50,Troco Venda cli#0,troco,-0.16
17/03/26,10:05,Venda balcao,venda,205.44
17/03/26,10:13,Venda cli#0,venda,486.88
17/03/26,10:25,Venda balcao,venda,379.27
17/03/26,10:31,Venda cli#0,venda,45.0
17/03/26,10:44,Venda cli#0,venda,22.0
17/03/26,10:44,Troco Venda cli#0,troco,-15.01
17/03/26,11:36,Venda cli#0,venda,233.29
17/03/26,11:44,Venda cli#0,venda,537.27
17/03/26,11:46,Venda balcao,venda,68.88
17/03/26,11:54,Venda cli#0,venda,40.87
17/03/26,12:07,Venda cli#0,venda,228.07
17/03/26,12:31,Venda cli#0,venda,38.88
17/03/26,12:59,Venda cli#0,venda,53.68
17/03/26,14:07,Venda cli#0,venda,34.17
17/03/26,14:35,Venda cli#0,venda,51.97
17/03/26,14:49,Venda cli#0,venda,33.99
17/03/26,14:57,Venda cli#0,venda,77.62
17/03/26,15:14,Venda cli#0,venda,343.06
17/03/26,15:36,Venda balcao,venda,174.69
17/03/26,17:03,Venda cli#0,venda,15.49
17/03/26,17:04,Venda cli#0,venda,4.0
17/03/26,17:24,Venda cli#0,venda,7.0
17/03/26,17:40,FEC: Falta dinheiro no ca,outro,-3939.08
17/03/26,18:55,Venda cli#0,venda,70.47
17/03/26,19:31,Venda cli#0,venda,380.31
17/03/26,19:59,Venda cli#0,venda,211.46
18/03/26,11:33,Venda cli#0,venda,40.19
18/03/26,11:52,Venda cli#0,venda,93.73
18/03/26,11:59,Venda cli#0,venda,188.73
18/03/26,12:11,Venda cli#0,venda,39.36
18/03/26,13:09,Venda cli#0,venda,5.17
18/03/26,13:29,Venda cli#0,venda,37.13
18/03/26,15:04,Venda cli#0,venda,100.0
18/03/26,15:04,Troco Venda cli#0,troco,-80.0
18/03/26,15:42,"Venda cli#0 Desc=7,12",venda,77.35
18/03/26,15:53,Venda cli#0,venda,255.37
18/03/26,16:01,Venda cli#0,venda,136.83
18/03/26,16:32,Venda cli#0,venda,105.93
18/03/26,16:50,Venda cli#0,venda,627.0
18/03/26,17:07,Venda cli#0,venda,62.0
18/03/26,17:46,Venda cli#0,venda,142.3
18/03/26,18:17,FEC: Falta dinheiro no ca,outro,-2493.33
19/03/26,10:02,Venda cli#0,venda,470.79
19/03/26,10:04,Venda cli#0,venda,249.03
19/03/26,10:05,Venda cli#0,venda,15.0
19/03/26,10:32,Venda cli#0,venda,352.49
19/03/26,10:50,Venda cli#0,venda,37.45
19/03/26,11:30,Venda cli#0,venda,386.26
19/03/26,11:34,Venda cli#0,venda,116.45
19/03/26,11:40,Venda cli#0,venda,312.01
19/03/26,11:42,Venda cli#0,venda,334.51
19/03/26,13:12,Venda cli#0,venda,27.48
19/03/26,13:14,Venda cli#0,venda,157.4
19/03/26,16:14,Venda cli#0,venda,35.97
19/03/26,17:39,FEC: Falta dinheiro no ca,outro,-2494.84
20/03/26,09:19,Venda cli#0,venda,78.0
20/03/26,12:12,Venda cli#0,venda,122.94
20/03/26,13:41,Venda cli#0,venda,10.09
20/03/26,14:10,Venda cli#0,venda,72.19
20/03/26,14:15,"Venda balcao Desc=29,88",venda,0.39
20/03/26,15:59,Venda cli#0,venda,15.49
20/03/26,16:19,Venda cli#0,venda,13.55
20/03/26,16:22,Venda cli#0,venda,106.02
20/03/26,16:57,Venda cli#0,venda,31.26
20/03/26,17:22,FEC: Falta dinheiro no ca,outro,-449.93
23/03/26,09:30,Venda cli#0,venda,100.35
23/03/26,10:23,Venda balcao,venda,271.41
23/03/26,10:29,Venda cli#0,venda,78.57
23/03/26,11:05,Venda balcao,venda,194.48
23/03/26,11:10,Venda balcao,venda,13.49
23/03/26,11:19,Venda cli#0,venda,560.21
23/03/26,11:40,Venda cli#0,venda,97.32
23/03/26,11:57,Venda cli#0,venda,19.98
23/03/26,12:46,Venda cli#0,venda,24.1
23/03/26,14:04,Venda cli#0,venda,9.99
23/03/26,15:16,Venda cli#0,venda,44.71
23/03/26,15:31,Venda cli#0,venda,9.0
23/03/26,16:31,Venda balcao,venda,578.51
23/03/26,16:34,Venda cli#0,venda,80.58
23/03/26,16:41,Venda cli#0,venda,114.52
23/03/26,16:42,Venda cli#0,venda,261.83
23/03/26,17:17,Venda cli#0,venda,160.36
23/03/26,17:35,Venda cli#0,venda,76.83
23/03/26,17:38,Venda cli#0,venda,16.25
23/03/26,17:40,Venda cli#0,venda,31.0
23/03/26,17:53,Venda cli#0,venda,123.74
23/03/26,18:02,Venda cli#0,venda,24.0
23/03/26,18:11,Venda cli#0,venda,122.77
23/03/26,18:21,FEC: Falta dinheiro no ca,outro,-3014.0
24/03/26,09:14,"Venda cli#0 Desc=3,00",venda,7.0
24/03/26,09:29,Venda cli#0,venda,7.0
24/03/26,09:29,Troco Venda cli#0,troco,-1.2
24/03/26,09:44,Venda cli#0,venda,371.48
24/03/26,09:47,Venda balcao,venda,18.0
24/03/26,09:51,Venda balcao,venda,122.28
24/03/26,10:16,Venda cli#0,venda,17.09
24/03/26,10:19,Venda cli#0,venda,198.99
24/03/26,10:22,Venda balcao,venda,256.33
24/03/26,10:27,Venda cli#0,venda,117.79
24/03/26,10:58,Venda cli#0,venda,64.14
24/03/26,11:08,Venda balcao,venda,195.67
24/03/26,11:15,Venda cli#0,venda,110.05
24/03/26,11:45,Venda cli#0,venda,129.87
24/03/26,11:50,Venda cli#0,venda,163.24
24/03/26,11:54,Venda balcao,venda,307.37
24/03/26,11:58,Venda cli#0,venda,14.42
24/03/26,12:01,Venda balcao,venda,196.42
24/03/26,12:08,Venda cli#0,venda,7.1
24/03/26,12:15,Venda cli#0,venda,26.47
24/03/26,12:22,"Venda balcao Desc=13,53",venda,257.14
24/03/26,12:36,Venda cli#0,venda,31.62
24/03/26,12:43,Venda cli#0,venda,941.78
24/03/26,12:48,Venda balcao,venda,457.02
24/03/26,13:47,Venda cli#0,venda,50.0
24/03/26,13:47,Troco Venda cli#0,troco,-2.04
24/03/26,14:50,Venda cli#0,venda,4.95
24/03/26,17:22,Venda cli#0,venda,79.77
24/03/26,17:32,Venda cli#0,venda,16.08
24/03/26,17:54,Venda cli#0,venda,10.0
24/03/26,17:54,Troco Venda cli#0,troco,-4.01
24/03/26,17:54,Venda cli#0,venda,97.1
24/03/26,18:14,Venda cli#0,venda,19.24
24/03/26,18:22,FEC: Falta dinheiro no ca,outro,-4288.16
25/03/26,09:52,Venda cli#0,venda,150.47
25/03/26,10:14,Venda cli#0,venda,55.84
25/03/26,11:20,Venda cli#0,venda,352.78
25/03/26,11:28,Venda cli#0,venda,53.14
25/03/26,11:34,Venda cli#0,venda,5.99
25/03/26,11:37,Venda cli#0,venda,36.91
25/03/26,12:09,Venda cli#0,venda,18.99
25/03/26,12:58,Venda cli#0,venda,10.5
25/03/26,13:35,Venda cli#0,venda,50.0
25/03/26,13:35,Troco Venda cli#0,troco,-2.53
25/03/26,15:21,Venda cli#0,venda,159.51
25/03/26,15:25,Venda cli#0,venda,44.2
25/03/26,16:02,Venda cli#0,venda,392.18
25/03/26,16:04,Venda balcao,venda,126.03
25/03/26,16:12,Venda cli#0,venda,130.85
25/03/26,17:33,Venda cli#0,venda,40.05
25/03/26,18:12,FEC: Falta dinheiro no ca,outro,-1624.91
26/03/26,10:01,Venda cli#0,venda,168.5
26/03/26,10:09,Venda cli#0,venda,214.24
26/03/26,10:13,Venda cli#0,venda,21.65
26/03/26,10:16,Venda cli#0,venda,36.64
26/03/26,10:18,Venda balcao,venda,46.43
26/03/26,10:29,Venda cli#0,venda,521.35
26/03/26,10:31,Venda balcao,venda,254.46
26/03/26,10:36,Venda cli#0,venda,56.1
26/03/26,10:56,Venda cli#0,venda,277.32
26/03/26,11:05,"Venda cli#0 Desc=1,00",venda,4.0
26/03/26,11:05,Venda cli#0,venda,32.0
26/03/26,13:26,"Venda cli#0 Desc=1,99",venda,17.91
26/03/26,13:29,Venda balcao,venda,1420.87
26/03/26,13:36,Venda cli#0,venda,14.46
26/03/26,13:52,Venda balcao,venda,23.78
26/03/26,14:40,Venda cli#0,venda,192.23
26/03/26,15:59,Venda cli#0,venda,21.89
26/03/26,17:24,Venda cli#0,venda,105.0
26/03/26,17:45,FEC: Falta dinheiro no ca,outro,-3428.83
27/03/26,10:14,Venda cli#0,venda,243.49
27/03/26,10:16,Venda cli#0,venda,70.18
27/03/26,11:13,Venda cli#0,venda,8.9
27/03/26,12:00,Venda cli#0,venda,141.65
27/03/26,12:46,Venda cli#0,venda,65.82
27/03/26,13:17,Venda cli#0,venda,16.9
27/03/26,13:29,Venda cli#0,venda,67.79
27/03/26,13:30,Venda cli#0,venda,20.0
27/03/26,13:30,Troco Venda cli#0,troco,-14.13
27/03/26,13:33,Venda cli#0,venda,21.93
27/03/26,14:39,Venda cli#0,venda,6.99
27/03/26,14:43,Venda cli#0,venda,7.97
27/03/26,14:51,Venda cli#0,venda,24.1
27/03/26,14:59,Venda cli#0,venda,20.44
27/03/26,15:43,Venda cli#0,venda,8.0
27/03/26,15:51,Venda cli#0,venda,7.88
27/03/26,16:13,Venda cli#0,venda,22.99
27/03/26,16:29,"Venda cli#0 Desc=2,00",venda,7.99
27/03/26,17:16,FEC: Falta dinheiro no ca,outro,-748.89
30/03/26,09:31,Venda cli#0,venda,120.9
30/03/26,10:50,Venda cli#0,venda,19.35
30/03/26,10:52,Venda cli#0,venda,16.1
30/03/26,10:53,Venda cli#0,venda,49.37
30/03/26,10:54,Venda cli#0,venda,35.67
30/03/26,10:55,Venda cli#0,venda,67.82
30/03/26,11:05,Venda cli#0,venda,506.73
30/03/26,11:08,Venda cli#0,venda,10.0
30/03/26,11:10,Venda cli#0,venda,181.17
30/03/26,11:50,Venda cli#0,venda,9.49
30/03/26,12:45,Venda cli#0,venda,20.97
30/03/26,13:12,"Venda cli#0 Desc=3,39",venda,30.49
30/03/26,13:17,Venda cli#0,venda,39.48
30/03/26,13:25,Venda cli#0,venda,32.76
30/03/26,14:30,Venda cli#0,venda,99.46
30/03/26,15:31,Venda cli#0,venda,24.99
30/03/26,16:19,"Venda balcao Desc=8,90",venda,169.19
30/03/26,16:31,Venda balcao,venda,311.35
30/03/26,17:10,Venda cli#0,venda,262.65
30/03/26,17:41,Venda cli#0,venda,20.9
30/03/26,17:54,Venda cli#0,venda,235.19
30/03/26,18:10,FEC: Falta dinheiro no ca,outro,-2264.03
31/03/26,09:36,Venda cli#0,venda,130.41
31/03/26,09:39,Venda balcao,venda,72.38
31/03/26,09:44,Venda cli#0,venda,538.5
31/03/26,09:49,Venda cli#0,venda,24.88
31/03/26,09:57,Venda cli#0,venda,243.73
31/03/26,10:02,Venda balcao,venda,848.51
31/03/26,10:19,Venda cli#0,venda,225.99
31/03/26,10:44,Venda cli#0,venda,124.34
31/03/26,10:56,Venda cli#0,venda,12.25
31/03/26,11:12,Venda cli#0,venda,58.55
31/03/26,11:32,Venda balcao,venda,184.06
31/03/26,12:37,Venda cli#0,venda,100.0
31/03/26,12:37,Troco Venda cli#0,troco,-37.97
31/03/26,13:58,Venda cli#0,venda,5.99
31/03/26,14:44,Venda cli#0,venda,163.13
31/03/26,14:46,Venda cli#0,venda,23.8
31/03/26,16:19,Venda cli#0,venda,35.09
31/03/26,16:30,Venda cli#0,venda,61.67
31/03/26,16:43,Venda cli#0,venda,44.66
31/03/26,18:18,FEC: Falta dinheiro no ca,outro,-2859.97
01/04/26,09:39,Venda cli#0,venda,50.0
01/04/26,09:39,Troco Venda cli#0,troco,-36.0
01/04/26,10:11,Venda cli#0,venda,24.89
01/04/26,10:12,Venda cli#0,venda,5.0
01/04/26,10:41,Venda cli#0,venda,31.78
01/04/26,11:11,Venda cli#0,venda,344.86
01/04/26,11:17,Venda cli#0,venda,50.0
01/04/26,11:17,Troco Venda cli#0,troco,-24.56
01/04/26,11:20,Venda cli#0,venda,18.99
01/04/26,13:13,Venda cli#0,venda,153.56
01/04/26,14:06,Venda cli#0,venda,32.0
01/04/26,15:10,Venda cli#0,venda,23.96
01/04/26,15:41,Venda cli#0,venda,158.92
01/04/26,16:06,Venda balcao,venda,876.57
01/04/26,16:12,Venda cli#0,venda,75.7
01/04/26,18:37,FEC: Falta dinheiro no ca,outro,-1785.67
02/04/26,09:35,Venda cli#0,venda,293.6
02/04/26,10:08,Venda balcao,venda,293.09
02/04/26,10:10,Venda cli#0,venda,345.14
02/04/26,10:15,Venda cli#0,venda,380.18
02/04/26,10:37,Venda cli#0,venda,26.23
02/04/26,10:44,Venda cli#0,venda,89.56
02/04/26,11:15,Venda cli#0,venda,11.9
02/04/26,11:35,Venda cli#0,venda,228.37
02/04/26,12:36,Venda cli#0,venda,43.4
02/04/26,13:23,Venda cli#0,venda,55.57
02/04/26,13:54,Venda cli#0,venda,14.0
02/04/26,14:21,Venda cli#0,venda,9.64
02/04/26,16:01,Venda cli#0,venda,21.54
02/04/26,17:55,Venda cli#0,venda,122.09
02/04/26,17:56,FEC: Falta dinheiro no ca,outro,-1934.31
06/04/26,09:22,Venda cli#0,venda,31.38
06/04/26,09:49,Venda cli#0,venda,46.96
06/04/26,10:47,Venda cli#0,venda,24.68
06/04/26,11:00,Venda cli#0,venda,293.16
06/04/26,11:06,Venda cli#0,venda,298.95
06/04/26,11:09,Venda cli#0,venda,105.5
06/04/26,11:12,Venda cli#0,venda,110.35
06/04/26,11:42,Venda cli#0,venda,145.04
06/04/26,11:47,Venda cli#0,venda,152.16
06/04/26,11:55,Venda cli#0,venda,13.98
06/04/26,12:01,Venda cli#0,venda,20.98
06/04/26,12:17,Venda balcao,venda,214.09
06/04/26,13:25,Venda cli#0,venda,30.31
06/04/26,14:23,"Venda cli#0 Desc=1,15",venda,10.35
06/04/26,15:54,Venda cli#0,venda,2.48
06/04/26,16:14,Venda cli#0,venda,128.72
06/04/26,16:38,Venda cli#0,venda,236.56
06/04/26,16:47,"Venda balcao Desc=10,44",venda,198.43
06/04/26,16:52,Venda cli#0,venda,13.49
06/04/26,17:15,Venda cli#0,venda,247.33
06/04/26,17:23,Venda cli#0,venda,139.67
06/04/26,17:50,Venda cli#0,venda,118.15
06/04/26,18:45,FEC: Falta dinheiro no ca,outro,-2582.72
07/04/26,09:22,Venda cli#0,venda,82.82
07/04/26,09:36,Venda cli#0,venda,21.1
07/04/26,09:36,Venda cli#0,venda,9.99
07/04/26,10:28,Venda cli#0,venda,223.67
07/04/26,10:29,Venda cli#0,venda,78.48
07/04/26,10:35,Venda cli#0,venda,39.51
07/04/26,11:00,Venda balcao,venda,212.61
07/04/26,11:32,Venda cli#0,venda,74.89
07/04/26,11:33,Venda cli#0,venda,41.26
07/04/26,11:46,Venda cli#0,venda,358.36
07/04/26,11:54,Venda cli#0,venda,21.18
07/04/26,12:28,Venda cli#0,venda,369.83
07/04/26,13:01,Venda cli#0,venda,7.79
07/04/26,13:16,Venda cli#0,venda,456.34
07/04/26,13:33,Venda cli#0,venda,164.32
07/04/26,13:43,"Venda cli#0 Desc=1,25",venda,10.0
07/04/26,14:39,Venda cli#0,venda,44.3
07/04/26,15:18,Venda cli#0,venda,38.96
07/04/26,15:42,Venda cli#0,venda,63.61
07/04/26,15:57,Venda cli#0,venda,31.98
07/04/26,16:01,Venda cli#0,venda,237.09
07/04/26,16:01,Venda cli#0,venda,9.99
07/04/26,16:02,Venda cli#0,venda,6.99
07/04/26,16:08,Venda balcao,venda,207.0
07/04/26,16:10,Venda balcao,venda,170.99
07/04/26,16:57,Venda cli#0,venda,3.16
07/04/26,17:37,Venda cli#0,venda,60.3
07/04/26,18:15,FEC: Falta dinheiro no ca,outro,-3046.52
08/04/26,10:06,Venda cli#0,venda,95.63
08/04/26,10:09,Venda balcao,venda,84.85
08/04/26,10:24,Venda cli#0,venda,23.96
08/04/26,10:33,Venda cli#0,venda,85.03
08/04/26,11:08,Venda cli#0,venda,80.18
08/04/26,11:11,Venda balcao,venda,326.51
08/04/26,11:48,Venda balcao,venda,340.18
08/04/26,12:13,Venda balcao,venda,18.84
08/04/26,12:23,Venda cli#0,venda,283.27
08/04/26,12:31,Venda cli#0,venda,171.55
08/04/26,12:57,Venda cli#0,venda,21.9
08/04/26,16:48,Venda balcao,venda,55.48
08/04/26,16:51,Venda cli#0,venda,20.0
08/04/26,16:51,Troco Venda cli#0,troco,-14.01
08/04/26,17:03,Venda balcao,venda,660.2
08/04/26,18:40,FEC: Falta dinheiro no ca,outro,-2253.57
09/04/26,09:30,Venda cli#0,venda,64.0
09/04/26,09:48,Venda cli#0,venda,16.12
09/04/26,09:50,Venda cli#0,venda,29.83
09/04/26,09:54,Venda cli#0,venda,82.37
09/04/26,10:25,Venda cli#0,venda,42.33
09/04/26,10:30,Venda cli#0,venda,367.4
09/04/26,10:36,Venda cli#0,venda,373.72
09/04/26,10:38,Venda balcao,venda,182.18
09/04/26,11:45,Venda cli#0,venda,57.77
09/04/26,11:49,Venda cli#0,venda,69.89
09/04/26,11:50,Venda cli#0,venda,16.0
09/04/26,12:10,Venda cli#0,venda,75.11
09/04/26,13:10,Venda cli#0,venda,29.9
09/04/26,13:20,Venda cli#0,venda,17.38
09/04/26,13:30,Venda cli#0,venda,39.15
09/04/26,13:39,Venda cli#0,venda,99.2
09/04/26,13:53,Venda cli#0,venda,220.21
09/04/26,14:39,Venda cli#0,venda,39.0
09/04/26,15:31,Venda cli#0,venda,54.18
09/04/26,16:13,Venda cli#0,venda,50.0
09/04/26,16:13,Troco Venda cli#0,troco,-35.02
09/04/26,17:46,FEC: Falta dinheiro no ca,outro,-1890.72
10/04/26,09:47,Venda cli#0,venda,213.44
10/04/26,10:30,Venda cli#0,venda,7.92
10/04/26,10:53,Venda cli#0,venda,504.86
10/04/26,10:56,Venda cli#0,venda,140.19
10/04/26,10:56,Venda cli#0,venda,8.0
10/04/26,11:06,Venda cli#0,venda,531.59
10/04/26,11:32,Venda cli#0,venda,226.52
10/04/26,11:58,Venda cli#0,venda,15.0
10/04/26,12:30,Venda cli#0,venda,396.31
10/04/26,13:36,Venda cli#0,venda,98.89
10/04/26,13:56,Venda cli#0,venda,78.26
10/04/26,14:00,Venda cli#0,venda,150.0
10/04/26,14:00,Troco Venda cli#0,troco,-25.92
10/04/26,14:06,Venda cli#0,venda,20.08
10/04/26,14:24,Venda cli#0,venda,199.84
10/04/26,16:06,Venda cli#0,venda,283.6
10/04/26,17:08,FEC: Falta dinheiro no ca,outro,-2848.58
13/04/26,09:26,Venda cli#0,venda,26.09
13/04/26,09:26,Venda cli#0,venda,11.98
13/04/26,10:25,"Venda cli#0 Desc=3,12",venda,20.0
13/04/26,10:35,Venda cli#0,venda,9.99
13/04/26,10:38,Venda cli#0,venda,13.09
13/04/26,10:44,Venda cli#0,venda,176.54
13/04/26,11:01,Venda cli#0,venda,169.85
13/04/26,11:38,Venda cli#0,venda,9.99
13/04/26,11:54,Venda cli#0,venda,353.26
13/04/26,12:08,Venda cli#0,venda,5.0
13/04/26,13:07,Venda cli#0,venda,101.54
13/04/26,13:08,Venda cli#0,venda,13.64
13/04/26,13:17,Venda cli#0,venda,25.99
13/04/26,13:44,"Venda cli#0 Desc=4,99",venda,44.88
13/04/26,14:45,Venda cli#0,venda,11.34
13/04/26,16:56,Venda cli#0,venda,83.39
13/04/26,17:05,Venda cli#0,venda,102.71
13/04/26,17:39,Venda cli#0,venda,159.87
13/04/26,18:18,Venda cli#0,venda,39.96
13/04/26,19:07,FEC: Falta dinheiro no ca,outro,-1379.11
14/04/26,09:46,Venda cli#0,venda,21.46
14/04/26,10:12,Venda cli#0,venda,178.46
14/04/26,10:15,Venda cli#0,venda,10.59
14/04/26,10:30,Venda cli#0,venda,30.1
14/04/26,10:35,Venda cli#0,venda,218.11
14/04/26,10:43,Venda cli#0,venda,50.08
14/04/26,10:55,Venda cli#0,venda,9.0
14/04/26,10:55,Troco Venda cli#0,troco,-1.0
14/04/26,10:59,Venda balcao,venda,215.4
14/04/26,11:01,"Venda balcao Desc=9,15",venda,173.78
14/04/26,11:07,Venda cli#0,venda,167.48
14/04/26,11:10,Venda cli#0,venda,1298.33
14/04/26,11:23,Venda cli#0,venda,21.23
14/04/26,11:24,Venda balcao,venda,702.38
14/04/26,11:26,Venda cli#0,venda,16.63
14/04/26,12:04,Venda cli#0,venda,60.55
14/04/26,12:23,Venda cli#0,venda,133.13
14/04/26,13:30,"Venda cli#0 Desc=36,98",venda,136.14
14/04/26,13:40,Venda cli#0,venda,564.27
14/04/26,15:09,Venda cli#0,venda,6.99
14/04/26,15:09,Venda balcao,venda,424.2
14/04/26,15:13,Venda cli#0,venda,540.21
14/04/26,15:27,Venda cli#0,venda,111.48
14/04/26,15:45,Venda cli#0,venda,159.27
14/04/26,17:36,Venda cli#0,venda,43.65
14/04/26,18:15,Venda cli#0,venda,36.45
14/04/26,18:33,FEC: Falta dinheiro no ca,outro,-5328.37
15/04/26,09:57,Venda cli#0,venda,14.0
15/04/26,10:13,Venda cli#0,venda,7.0
15/04/26,10:57,Venda cli#0,venda,20.0
15/04/26,11:01,Venda cli#0,venda,14.1
15/04/26,11:35,Venda cli#0,venda,355.74
15/04/26,11:36,Venda cli#0,venda,449.04
15/04/26,11:59,Venda cli#0,venda,16.9
15/04/26,12:12,Venda cli#0,venda,126.09
15/04/26,12:49,Venda cli#0,venda,221.56
15/04/26,12:54,Venda balcao,venda,27.77
15/04/26,13:11,"Venda cli#0 Desc=2,00",venda,18.0
15/04/26,15:40,Venda cli#0,venda,54.24
15/04/26,16:03,Venda cli#0,venda,62.79
15/04/26,16:12,Venda cli#0,venda,114.5
15/04/26,18:22,Venda cli#0,venda,80.7
15/04/26,18:51,FEC: Falta dinheiro no ca,outro,-1582.43
16/04/26,09:22,Venda cli#0,venda,28.08
16/04/26,09:26,Venda cli#0,venda,240.02
16/04/26,09:43,Venda cli#0,venda,301.68
16/04/26,10:06,Venda cli#0,venda,59.07
16/04/26,10:30,Venda cli#0,venda,7.1
16/04/26,10:31,Venda cli#0,venda,374.03
16/04/26,10:44,Venda cli#0,venda,80.2
16/04/26,11:03,Venda balcao,venda,191.81
16/04/26,12:05,Venda cli#0,venda,18.84
16/04/26,12:31,Venda cli#0,venda,9.99
16/04/26,15:07,"Venda cli#0 Desc=1,29",venda,11.6
16/04/26,15:14,Venda cli#0,venda,13.1
16/04/26,16:52,FEC: Falta dinheiro no ca,outro,-1335.52
17/04/26,09:31,Venda cli#0,venda,437.6
17/04/26,09:47,"Venda balcao Desc=16,37",venda,6.43
17/04/26,10:26,Venda cli#0,venda,100.34
17/04/26,12:45,Venda cli#0,venda,20.0
17/04/26,12:45,Troco Venda cli#0,troco,-13.32
17/04/26,13:19,Venda cli#0,venda,30.65
17/04/26,13:24,Venda cli#0,venda,23.03
17/04/26,13:54,Venda cli#0,venda,53.49
17/04/26,14:26,Venda cli#0,venda,100.79
17/04/26,15:01,Venda cli#0,venda,20.0
17/04/26,15:01,Troco Venda cli#0,troco,-7.01
17/04/26,16:26,Venda cli#0,venda,311.37
17/04/26,17:41,FEC: Falta dinheiro no ca,outro,-1083.37
20/04/26,10:23,Venda cli#0,venda,305.73
20/04/26,11:03,Venda cli#0,venda,157.34
20/04/26,11:16,Venda cli#0,venda,5.0
20/04/26,11:17,Venda cli#0,venda,11.98
20/04/26,13:13,Venda cli#0,venda,102.44
20/04/26,13:28,Venda cli#0,venda,20.74
20/04/26,15:38,Venda cli#0,venda,178.45
20/04/26,15:45,Venda balcao,venda,597.2
20/04/26,15:59,FEC: Falta dinheiro no ca,outro,-1378.88
20/04/26,16:00,Venda cli#0,venda,15.0
21/04/26,11:13,Venda balcao,venda,335.13
21/04/26,13:03,Venda balcao,venda,150.72
21/04/26,13:40,Venda cli#0,venda,15.93
21/04/26,13:58,FEC: Falta dinheiro no ca,outro,-516.78
22/04/26,10:13,Venda cli#0,venda,143.6
22/04/26,10:30,Venda cli#0,venda,254.43
22/04/26,10:33,Venda cli#0,venda,101.19
22/04/26,10:38,Venda cli#0,venda,142.5
22/04/26,10:47,Venda cli#0,venda,202.28
22/04/26,10:56,Venda cli#0,venda,163.8
22/04/26,10:59,Venda cli#0,venda,176.98
22/04/26,10:59,Venda cli#0,venda,51.98
22/04/26,11:17,Venda cli#0,venda,93.92
22/04/26,11:24,Venda cli#0,venda,78.66
22/04/26,11:26,Venda cli#0,venda,107.87
22/04/26,11:36,Venda cli#0,venda,217.96
22/04/26,11:45,Venda balcao,venda,47.79
22/04/26,12:12,Venda cli#0,venda,256.97
22/04/26,12:22,Venda cli#0,venda,146.83
22/04/26,12:24,Venda cli#0,venda,45.0
22/04/26,13:00,Venda cli#0,venda,546.59
22/04/26,13:30,Venda cli#0,venda,22.5
22/04/26,14:49,Venda cli#0,venda,11.98
22/04/26,16:11,Venda balcao,venda,170.28
22/04/26,17:43,Venda cli#0,venda,79.87
22/04/26,18:13,FEC: Falta dinheiro no ca,outro,-3062.98
23/04/26,09:43,Venda cli#0,venda,20.25
23/04/26,10:30,Venda cli#0,venda,227.91
23/04/26,10:35,Venda cli#0,venda,298.55
23/04/26,10:58,Venda cli#0,venda,5.99
23/04/26,11:03,Venda cli#0,venda,16.66
23/04/26,12:40,Venda cli#0,venda,446.64
23/04/26,15:35,Venda cli#0,venda,9.99
23/04/26,15:38,Venda cli#0,venda,453.69
23/04/26,16:14,Venda cli#0,venda,52.44
23/04/26,16:14,Troco Venda cli#0,troco,-10.0
23/04/26,17:39,"Venda cli#0 Desc=2,00",venda,14.0
23/04/26,18:40,FEC: Falta dinheiro no ca,outro,-1536.12
24/04/26,10:38,Venda cli#0,venda,287.26
24/04/26,10:53,Venda cli#0,venda,231.3
24/04/26,11:11,Venda balcao,venda,363.93
24/04/26,11:16,Venda cli#0,venda,25.9
24/04/26,11:47,Venda cli#0,venda,117.37
24/04/26,12:00,Venda cli#0,venda,15.4
24/04/26,12:01,Venda cli#0,venda,20.0
24/04/26,12:01,Troco Venda cli#0,troco,-11.01
24/04/26,12:27,Venda cli#0,venda,51.88
24/04/26,12:30,Venda cli#0,venda,150.76
24/04/26,12:34,Venda cli#0,venda,233.32
24/04/26,12:43,Venda cli#0,venda,201.22
24/04/26,12:49,Venda cli#0,venda,153.93
24/04/26,12:58,Venda cli#0,venda,22.5
24/04/26,13:15,Venda cli#0,venda,70.66
24/04/26,13:24,Venda cli#0,venda,277.22
24/04/26,13:51,Venda cli#0,venda,50.85
24/04/26,14:18,Venda cli#0,venda,44.71
24/04/26,14:38,Venda cli#0,venda,5.0
24/04/26,15:13,Venda cli#0,venda,189.63
24/04/26,15:26,Venda cli#0,venda,50.0
24/04/26,15:26,Troco Venda cli#0,troco,-20.39
24/04/26,17:07,FEC: Falta dinheiro no ca,outro,-2531.44
27/04/26,10:31,Venda cli#0,venda,418.61
27/04/26,10:34,Venda cli#0,venda,16.63
27/04/26,10:41,Venda cli#0,venda,148.77
27/04/26,10:57,Venda cli#0,venda,28.0
27/04/26,11:02,Venda cli#0,venda,113.23
27/04/26,11:40,Venda cli#0,venda,280.09
27/04/26,11:53,Venda cli#0,venda,93.51
27/04/26,11:56,Venda cli#0,venda,102.97
27/04/26,12:00,"Venda balcao Desc=5,59",venda,50.28
27/04/26,12:02,Venda cli#0,venda,117.06
27/04/26,12:06,Venda cli#0,venda,5.0
27/04/26,12:37,Venda cli#0,venda,9.99
27/04/26,12:50,Venda cli#0,venda,40.0
27/04/26,12:50,Troco Venda cli#0,troco,-13.03
27/04/26,13:39,Venda cli#0,venda,19.98
27/04/26,16:19,Venda cli#0,venda,124.07
27/04/26,17:51,FEC: Falta dinheiro no ca,outro,-1555.16
28/04/26,09:22,Venda balcao,venda,4.25
28/04/26,09:42,Venda cli#0,venda,25.0
28/04/26,09:42,Troco Venda cli#0,troco,-0.56
28/04/26,09:52,Venda cli#0,venda,246.45
28/04/26,10:05,Venda cli#0,venda,801.95
28/04/26,10:07,Venda cli#0,venda,17.5
28/04/26,10:19,Venda cli#0,venda,160.16
28/04/26,10:26,Venda cli#0,venda,215.95
28/04/26,11:06,Venda cli#0,venda,246.49
28/04/26,11:23,Venda cli#0,venda,447.81
28/04/26,12:47,Venda cli#0,venda,165.93
28/04/26,12:57,Venda cli#0,venda,100.0
28/04/26,12:57,Troco Venda cli#0,troco,-56.05
28/04/26,13:10,Venda balcao,venda,194.22
28/04/26,13:50,Venda cli#0,venda,64.0
28/04/26,14:10,Venda cli#0,venda,6.99
28/04/26,14:48,Venda cli#0,venda,500.5
28/04/26,15:00,Venda cli#0,venda,535.65
28/04/26,15:20,Venda balcao,venda,98.95
28/04/26,15:25,Venda balcao,venda,134.05
28/04/26,16:12,Venda balcao,venda,482.39
28/04/26,16:15,Venda cli#0,venda,157.55
28/04/26,17:28,FEC: Falta dinheiro no ca,outro,-4549.18
28/04/26,17:42,Venda cli#0,venda,76.59
28/04/26,18:14,Venda cli#0,venda,11.9
29/04/26,10:27,Venda cli#0,venda,142.14
29/04/26,10:29,Venda cli#0,venda,5.99
29/04/26,10:29,Venda cli#0,venda,105.66
29/04/26,10:32,Venda cli#0,venda,5.39
29/04/26,10:32,Venda cli#0,venda,31.89
29/04/26,10:38,Venda cli#0,venda,344.17
29/04/26,11:43,Venda cli#0,venda,21.99
29/04/26,12:01,Venda cli#0,venda,19.37
29/04/26,13:39,Venda cli#0,venda,85.86
29/04/26,16:00,Venda cli#0,venda,15.58
29/04/26,16:08,Venda cli#0,venda,248.1
29/04/26,16:31,Venda cli#0,venda,20.28
29/04/26,17:02,Venda balcao,venda,749.02
29/04/26,17:09,Venda cli#0,venda,152.86
29/04/26,18:28,Venda cli#0,venda,16.24
29/04/26,18:29,FEC: Falta dinheiro no ca,outro,-2053.03
30/04/26,10:12,Venda balcao,venda,121.99
30/04/26,10:14,Venda cli#0,venda,7.47
30/04/26,10:26,Venda cli#0,venda,64.34
30/04/26,10:34,Venda balcao,venda,633.67
30/04/26,10:42,Venda cli#0,venda,99.21
30/04/26,10:55,Venda balcao,venda,17.76
30/04/26,11:07,Venda cli#0,venda,17.88
30/04/26,11:17,Venda cli#0,venda,52.6
30/04/26,12:17,Venda cli#0,venda,49.88
30/04/26,12:22,Venda cli#0,venda,168.77
30/04/26,14:54,Venda cli#0,venda,12.0
30/04/26,15:05,Venda cli#0,venda,92.02
30/04/26,16:24,Venda cli#0,venda,121.86
30/04/26,16:34,Venda cli#0,venda,18.25
30/04/26,17:27,Venda cli#0,venda,82.82
30/04/26,17:46,FEC: Falta dinheiro no ca,outro,-1560.52
01/05/26,10:17,Venda cli#0,venda,30.0
01/05/26,10:17,Troco Venda cli#0,troco,-5.07
01/05/26,11:21,Venda cli#0,venda,6.99
01/05/26,12:08,Venda cli#0,venda,19.21
01/05/26,12:16,Venda cli#0,venda,13.05
01/05/26,12:46,FEC: Falta dinheiro no ca,outro,-64.18
04/05/26,09:52,Venda cli#0,venda,20.11
04/05/26,10:05,Venda cli#0,venda,18.63
04/05/26,10:19,Venda cli#0,venda,166.29
04/05/26,10:27,Venda cli#0,venda,60.47
04/05/26,10:31,Venda cli#0,venda,7.0
04/05/26,11:00,Venda cli#0,venda,436.3
04/05/26,11:05,Venda cli#0,venda,10.0
04/05/26,11:05,Troco Venda cli#0,troco,-3.01
04/05/26,11:07,Venda cli#0,venda,17.97
04/05/26,11:35,Venda balcao,venda,51.74
04/05/26,11:47,Venda balcao,venda,292.09
04/05/26,11:57,Venda cli#0,venda,206.41
04/05/26,12:15,Venda cli#0,venda,9.99
04/05/26,12:16,Venda cli#0,venda,88.15
04/05/26,12:40,"Venda balcao Desc=7,92",venda,150.41
04/05/26,12:41,Venda cli#0,venda,223.1
04/05/26,12:47,Venda cli#0,venda,45.47
04/05/26,16:09,Venda cli#0,venda,327.14
04/05/26,16:22,Venda cli#0,venda,216.5
04/05/26,16:27,Venda cli#0,venda,26.73
04/05/26,16:29,Venda cli#0,venda,135.91
04/05/26,16:35,Venda cli#0,venda,57.85
04/05/26,17:19,Venda cli#0,venda,67.29
04/05/26,18:27,FEC: Falta dinheiro no ca,outro,-2632.54
04/05/26,18:32,"Venda cli#0 Desc=2,00",venda,10.0
05/05/26,09:11,Venda cli#0,venda,217.86
05/05/26,09:26,Venda cli#0,venda,215.18
05/05/26,09:31,Venda cli#0,venda,168.33
05/05/26,10:06,Venda cli#0,venda,24.07
05/05/26,10:26,Venda cli#0,venda,146.32
05/05/26,10:51,Venda cli#0,venda,313.78
05/05/26,10:53,Venda cli#0,venda,61.27
05/05/26,10:57,Venda cli#0,venda,31.99
05/05/26,11:02,Venda balcao,venda,259.85
05/05/26,11:07,Venda cli#0,venda,14.0
05/05/26,12:15,Venda cli#0,venda,78.2
05/05/26,12:18,Venda cli#0,venda,205.43
05/05/26,12:19,Venda balcao,venda,417.3
05/05/26,13:01,Venda cli#0,venda,63.8
05/05/26,13:02,Venda cli#0,venda,38.57
05/05/26,13:19,Venda cli#0,venda,76.38
05/05/26,13:29,Venda cli#0,venda,45.42
05/05/26,14:58,Venda balcao,venda,174.46
05/05/26,17:52,FEC: Falta dinheiro no ca,outro,-2562.21
06/05/26,09:53,Venda cli#0,venda,128.2
06/05/26,10:30,Venda cli#0,venda,319.18
06/05/26,10:42,Venda cli#0,venda,149.66
06/05/26,10:54,Venda cli#0,venda,89.11
06/05/26,11:23,Venda cli#0,venda,5.0
06/05/26,11:43,Venda cli#0,venda,137.5
06/05/26,12:34,Venda cli#0,venda,128.93
06/05/26,12:40,"Venda cli#0 Desc=1,39",venda,12.51
06/05/26,13:10,Venda cli#0,venda,48.1
06/05/26,13:22,Venda cli#0,venda,16.81
06/05/26,13:41,Venda cli#0,venda,6.02
06/05/26,14:15,Venda cli#0,venda,226.61
06/05/26,14:36,Venda cli#0,venda,190.55
06/05/26,14:45,Venda cli#0,venda,20.0
06/05/26,14:45,Troco Venda cli#0,troco,-7.5
06/05/26,15:45,Venda cli#0,venda,1.5
06/05/26,16:03,Venda cli#0,venda,44.71
06/05/26,16:42,Venda balcao,venda,1071.93
06/05/26,16:58,Venda cli#0,venda,120.0
06/05/26,16:58,Troco Venda cli#0,troco,-54.78
06/05/26,17:03,Venda balcao,venda,806.69
06/05/26,17:24,Venda cli#0,venda,113.4
06/05/26,18:01,Venda cli#0,venda,46.6
06/05/26,18:41,FEC: Falta dinheiro no ca,outro,-3620.73
07/05/26,09:32,Venda cli#0,venda,424.35
07/05/26,09:37,Venda cli#0,venda,7.0
07/05/26,09:38,Venda cli#0,venda,413.82
07/05/26,10:07,Venda cli#0,venda,271.18
07/05/26,10:22,Venda cli#0,venda,64.99
07/05/26,10:32,Venda cli#0,venda,85.96
07/05/26,10:45,"Venda cli#0 Desc=2,00",venda,11.98
07/05/26,11:10,Venda cli#0,venda,50.65
07/05/26,12:10,Venda cli#0,venda,32.0
07/05/26,12:17,Venda cli#0,venda,55.93
07/05/26,12:18,Venda cli#0,venda,123.17
07/05/26,12:21,Venda cli#0,venda,28.1
07/05/26,13:33,Venda cli#0,venda,106.8
07/05/26,13:46,Venda cli#0,venda,19.98
07/05/26,13:47,Venda cli#0,venda,42.64
07/05/26,17:01,Venda cli#0,venda,79.54
07/05/26,17:22,Venda cli#0,venda,121.09
07/05/26,17:38,"Venda cli#0 Desc=1,98",venda,17.82
07/05/26,17:44,Venda balcao,venda,149.98
07/05/26,17:46,Venda balcao,venda,137.98
07/05/26,18:00,Venda balcao,venda,35.51
07/05/26,18:07,FEC: Falta dinheiro no ca,outro,-2280.47
08/05/26,09:25,Venda cli#0,venda,256.64
08/05/26,09:32,Venda cli#0,venda,5.99
08/05/26,10:09,Venda cli#0,venda,14.0
08/05/26,10:09,Troco Venda cli#0,troco,-0.17
08/05/26,10:10,Venda cli#0,venda,10.49
08/05/26,10:13,Venda cli#0,venda,278.02
08/05/26,10:18,Venda cli#0,venda,364.32
08/05/26,10:50,Venda cli#0,venda,10.97
08/05/26,11:00,Venda cli#0,venda,10.0
08/05/26,11:18,Venda cli#0,venda,341.52
08/05/26,11:24,Venda cli#0,venda,289.16
08/05/26,11:32,Venda balcao,venda,154.85
08/05/26,12:36,Venda cli#0,venda,171.38
08/05/26,12:45,"Venda cli#0 Desc=2,00",venda,17.99
08/05/26,16:06,Venda cli#0,venda,3.1
08/05/26,16:17,Venda cli#0,venda,5.99
08/05/26,17:06,FEC: Falta dinheiro no ca,outro,-1934.25
08/05/26,17:17,Venda cli#0,venda,34.13
11/05/26,09:56,Venda cli#0,venda,114.8
11/05/26,10:24,Venda cli#0,venda,13.91
11/05/26,10:25,Venda cli#0,venda,26.09
11/05/26,11:03,Venda cli#0,venda,44.99
11/05/26,11:19,Venda cli#0,venda,125.84
11/05/26,11:31,Venda balcao,venda,242.3
11/05/26,11:57,Venda cli#0,venda,224.09
11/05/26,12:03,Venda cli#0,venda,10.1
11/05/26,12:08,"Venda cli#0 Desc=6,39",venda,57.46
11/05/26,12:13,Venda cli#0,venda,9.99
11/05/26,12:41,Venda cli#0,venda,243.83
11/05/26,12:50,"Venda balcao Desc=10,11",venda,192.08
11/05/26,12:51,Venda cli#0,venda,50.0
11/05/26,12:51,Troco Venda cli#0,troco,-38.1
11/05/26,12:58,Venda cli#0,venda,90.07
11/05/26,13:04,Venda cli#0,venda,62.78
11/05/26,14:18,Venda cli#0,venda,10.0
11/05/26,16:23,Venda cli#0,venda,15.99
11/05/26,16:28,Venda balcao,venda,672.5
11/05/26,16:30,Venda cli#0,venda,229.85
11/05/26,16:39,Venda cli#0,venda,10.1
11/05/26,16:39,Troco Venda cli#0,troco,-4.01
11/05/26,16:51,Venda cli#0,venda,157.4
11/05/26,17:01,Venda cli#0,venda,25.42
11/05/26,17:49,Venda balcao,venda,87.65
11/05/26,19:05,FEC: Falta dinheiro no ca,outro,-2709.26
12/05/26,09:45,Venda cli#0,venda,187.1
12/05/26,09:47,Venda balcao,venda,295.56
12/05/26,10:02,Venda cli#0,venda,18.99
12/05/26,10:06,Venda cli#0,venda,48.65
12/05/26,10:09,Venda cli#0,venda,602.31
12/05/26,10:27,Venda cli#0,venda,269.27
12/05/26,11:18,Venda balcao,venda,52.42
12/05/26,11:24,Venda cli#0,venda,238.66
12/05/26,11:28,Venda cli#0,venda,125.92
12/05/26,11:29,Venda cli#0,venda,238.9
12/05/26,12:05,Venda cli#0,venda,375.56
12/05/26,12:08,Venda cli#0,venda,615.67
12/05/26,12:12,Venda cli#0,venda,239.96
12/05/26,12:59,Venda cli#0,venda,113.88
12/05/26,13:07,Venda cli#0,venda,39.22
12/05/26,13:14,Venda cli#0,venda,25.0
12/05/26,13:20,Venda cli#0,venda,46.2
12/05/26,14:19,Venda balcao,venda,162.67
12/05/26,14:32,Venda cli#0,venda,92.62
12/05/26,15:02,"Venda cli#0 Desc=3,19",venda,28.7
12/05/26,15:12,Venda cli#0,venda,2.6
12/05/26,16:27,Venda cli#0,venda,211.9
12/05/26,16:40,Venda cli#0,venda,37.01
12/05/26,17:04,Venda cli#0,venda,5.99
12/05/26,17:39,FEC: Falta dinheiro no ca,outro,-4074.76
13/05/26,09:51,Venda cli#0,venda,53.22
13/05/26,10:02,Venda cli#0,venda,51.23
13/05/26,10:32,Venda cli#0,venda,278.19
13/05/26,10:32,Venda cli#0,venda,5.99
13/05/26,11:30,Venda cli#0,venda,24.73
13/05/26,11:33,Venda cli#0,venda,282.07
13/05/26,11:54,"Venda cli#0 Desc=1,55",venda,13.94
13/05/26,11:57,Venda cli#0,venda,26.38
13/05/26,12:34,Venda cli#0,venda,32.01
13/05/26,12:39,Venda cli#0,venda,15.73
13/05/26,14:18,Venda cli#0,venda,28.75
13/05/26,14:23,Venda cli#0,venda,14.0
13/05/26,15:39,Venda cli#0,venda,1.65
13/05/26,16:36,Venda cli#0,venda,112.5
13/05/26,17:12,Venda cli#0,venda,118.34
13/05/26,17:17,Venda cli#0,venda,178.68
13/05/26,17:22,Venda cli#0,venda,6.79
13/05/26,17:39,Venda cli#0,venda,369.28
13/05/26,18:01,Venda cli#0,venda,2.4
13/05/26,18:50,FEC: Falta dinheiro no ca,outro,-1615.88
14/05/26,10:09,Venda cli#0,venda,64.0
14/05/26,10:21,Venda cli#0,venda,136.74
14/05/26,10:58,Venda cli#0,venda,161.25
14/05/26,11:05,Venda cli#0,venda,177.39
14/05/26,11:07,Venda cli#0,venda,38.96
14/05/26,11:10,Venda cli#0,venda,138.0
14/05/26,11:42,Venda cli#0,venda,160.49
14/05/26,11:51,Venda cli#0,venda,29.55
14/05/26,12:15,"Venda cli#0 Desc=4,79",venda,43.09
14/05/26,12:51,Venda cli#0,venda,5.0
14/05/26,13:02,Troco Venda balcao Desc=6,troco,-0.0
14/05/26,13:18,Venda balcao,venda,68.97
14/05/26,13:41,Venda cli#0,venda,50.0
14/05/26,13:41,Troco Venda cli#0,troco,-38.0
14/05/26,15:51,Venda cli#0,venda,45.16
14/05/26,16:02,Venda cli#0,venda,53.73
14/05/26,16:40,Venda balcao,venda,125.98
14/05/26,17:28,Venda cli#0,venda,2.5
14/05/26,17:56,FEC: Falta dinheiro no ca,outro,-1262.81
15/05/26,10:28,Venda cli#0,venda,241.43
15/05/26,10:31,Venda cli#0,venda,40.06
15/05/26,10:31,Troco Venda cli#0,troco,-14.0
15/05/26,10:44,Venda cli#0,venda,77.26
15/05/26,11:14,Venda cli#0,venda,5.99
15/05/26,12:02,Venda cli#0,venda,18.9
15/05/26,12:41,Venda cli#0,venda,161.75
15/05/26,13:29,Venda cli#0,venda,7.9
15/05/26,14:46,Venda cli#0,venda,2.4
15/05/26,16:03,Venda cli#0,venda,102.99
15/05/26,16:55,Venda cli#0,venda,79.4
15/05/26,17:29,FEC: Falta dinheiro no ca,outro,-724.08
18/05/26,09:08,Venda cli#0,venda,52.0
18/05/26,09:08,Troco Venda cli#0,troco,-41.68
18/05/26,09:23,Venda cli#0,venda,164.32
18/05/26,09:24,Venda cli#0,venda,15.49
18/05/26,09:57,Venda cli#0,venda,165.94
18/05/26,10:11,Venda cli#0,venda,6.99
18/05/26,10:35,Venda cli#0,venda,240.0
18/05/26,10:48,Venda cli#0,venda,100.0
18/05/26,10:48,Troco Venda cli#0,troco,-8.09
18/05/26,10:51,Venda cli#0,venda,5.0
18/05/26,10:51,Troco Venda cli#0,troco,-0.11
18/05/26,11:14,Venda balcao,venda,315.54
18/05/26,12:12,Venda cli#0,venda,13.5
18/05/26,12:17,"Venda cli#0 Desc=4,78",venda,43.0
18/05/26,12:20,Venda cli#0,venda,70.39
18/05/26,12:31,Venda balcao,venda,800.96
18/05/26,12:40,Venda cli#0,venda,68.08
18/05/26,15:30,Venda cli#0,venda,178.22
18/05/26,15:32,Venda cli#0,venda,64.59
18/05/26,15:43,Venda cli#0,venda,267.43
18/05/26,16:03,Venda cli#0,venda,297.16
18/05/26,16:08,Venda cli#0,venda,227.5
18/05/26,16:14,Venda cli#0,venda,130.9
18/05/26,16:15,Venda cli#0,venda,256.94
18/05/26,17:12,Venda cli#0,venda,95.15
18/05/26,18:40,FEC: Falta dinheiro no ca,outro,-3529.22
19/05/26,09:20,Venda cli#0,venda,44.43
19/05/26,09:56,Venda cli#0,venda,312.26
19/05/26,09:57,Venda cli#0,venda,3.7
19/05/26,10:10,Venda cli#0,venda,651.96
19/05/26,10:14,Venda cli#0,venda,246.08
19/05/26,10:23,Venda balcao,venda,154.79
19/05/26,10:29,Venda cli#0,venda,306.94
19/05/26,10:30,Venda cli#0,venda,5.0
19/05/26,10:34,Venda cli#0,venda,1.55
19/05/26,10:41,Venda cli#0,venda,7.0
19/05/26,10:57,Venda balcao,venda,221.33
19/05/26,12:03,Venda cli#0,venda,148.83
19/05/26,12:09,Venda cli#0,venda,375.63
19/05/26,12:30,Venda cli#0,venda,192.74
19/05/26,12:42,Venda balcao,venda,343.7
19/05/26,13:11,Venda cli#0,venda,20.0
19/05/26,13:11,Troco Venda cli#0,troco,-1.0
19/05/26,13:12,Venda cli#0,venda,209.01
19/05/26,13:25,Venda cli#0,venda,22.09
19/05/26,13:48,Venda cli#0,venda,11.26
19/05/26,14:04,Venda cli#0,venda,5.0
19/05/26,14:47,Venda balcao,venda,180.36
19/05/26,15:26,Venda cli#0,venda,235.11
19/05/26,16:32,Venda cli#0,venda,36.58
19/05/26,16:39,Venda cli#0,venda,130.0
19/05/26,18:03,FEC: Falta dinheiro no ca,outro,-3864.35
20/05/26,10:29,Venda cli#0,venda,26.99
20/05/26,10:32,Venda cli#0,venda,246.9
20/05/26,10:38,Venda cli#0,venda,117.97
20/05/26,10:43,Venda balcao,venda,342.76
20/05/26,11:25,Venda balcao,venda,79.71
20/05/26,12:08,Venda cli#0,venda,94.28
20/05/26,12:50,Venda cli#0,venda,35.1
20/05/26,12:51,Venda cli#0,venda,14.1
20/05/26,13:15,Venda cli#0,venda,247.27
20/05/26,14:51,Venda cli#0,venda,55.97
20/05/26,15:11,Venda cli#0,venda,11.98
20/05/26,16:05,Venda cli#0,venda,42.87
20/05/26,16:36,Venda cli#0,venda,22.87
20/05/26,16:41,Venda balcao,venda,721.97
20/05/26,16:51,Venda cli#0,venda,133.02
20/05/26,16:58,Venda cli#0,venda,6.99
20/05/26,19:17,FEC: Falta dinheiro no ca,outro,-2200.75
21/05/26,09:39,Venda cli#0,venda,64.0
21/05/26,09:51,Venda cli#0,venda,165.4
21/05/26,10:06,Venda cli#0,venda,20.0
21/05/26,10:06,Troco Venda cli#0,troco,-13.0
21/05/26,10:06,Venda cli#0,venda,49.56
21/05/26,10:16,Venda cli#0,venda,452.25
21/05/26,10:27,Venda cli#0,venda,318.02
21/05/26,11:10,Venda cli#0,venda,96.98
21/05/26,11:40,Venda balcao,venda,49.98
21/05/26,12:21,Venda cli#0,venda,17.97
21/05/26,12:43,Venda cli#0,venda,16.8
21/05/26,12:48,Venda cli#0,venda,349.12
21/05/26,13:19,Venda cli#0,venda,1.36
21/05/26,14:34,Venda cli#0,venda,92.96
21/05/26,14:50,Venda cli#0,venda,4.0
21/05/26,15:13,Venda cli#0,venda,160.27
21/05/26,17:54,Venda cli#0,venda,52.68
21/05/26,18:12,FEC: Falta dinheiro no ca,outro,-1898.35
22/05/26,10:12,Venda cli#0,venda,84.52
22/05/26,10:23,"Venda cli#0 Desc=3,35",venda,30.13
22/05/26,11:28,Venda cli#0,venda,5.99
22/05/26,11:47,Venda cli#0,venda,287.56
22/05/26,14:14,Venda cli#0,venda,38.95
22/05/26,14:15,Venda cli#0,venda,6.74
22/05/26,14:23,Venda cli#0,venda,6.79
22/05/26,14:55,Venda cli#0,venda,5.97
22/05/26,15:03,Venda cli#0,venda,11.87
22/05/26,15:12,Venda cli#0,venda,148.04
22/05/26,15:16,Venda cli#0,venda,158.57
22/05/26,16:06,Venda cli#0,venda,137.13
22/05/26,16:42,FEC: Falta dinheiro no ca,outro,-922.26
22/05/26,16:53,Venda cli#0,venda,7.0
22/05/26,16:56,Venda cli#0,venda,85.48
25/05/26,10:58,Venda cli#0,venda,362.75
25/05/26,11:09,Venda cli#0,venda,608.89
25/05/26,11:11,Venda cli#0,venda,12.9
25/05/26,11:51,Venda cli#0,venda,96.89
25/05/26,11:59,Venda balcao,venda,223.75
25/05/26,12:06,"Venda balcao Desc=10,27",venda,92.47
25/05/26,12:22,Venda cli#0,venda,268.25
25/05/26,12:26,Venda cli#0,venda,19.98
25/05/26,12:29,Venda cli#0,venda,118.53
25/05/26,12:45,Venda cli#0,venda,50.0
25/05/26,12:45,Troco Venda cli#0,troco,-26.0
25/05/26,14:30,Venda cli#0,venda,128.5
25/05/26,16:21,Venda cli#0,venda,56.84
25/05/26,16:34,Venda cli#0,venda,31.49
25/05/26,17:16,"Venda cli#0 Desc=35,00",venda,21.97
25/05/26,17:56,Venda cli#0,venda,40.94
25/05/26,18:01,Venda cli#0,venda,118.38
25/05/26,18:04,FEC: Falta dinheiro no ca,outro,-2319.01
26/05/26,09:36,Venda cli#0,venda,167.01
26/05/26,09:41,Venda cli#0,venda,284.94
26/05/26,09:57,Venda cli#0,venda,234.38
26/05/26,10:04,Venda cli#0,venda,12.99
26/05/26,10:06,Venda cli#0,venda,124.36
26/05/26,10:10,Venda cli#0,venda,49.61
26/05/26,10:32,Venda cli#0,venda,36.94
26/05/26,10:35,Venda cli#0,venda,12.0
26/05/26,10:56,Venda balcao,venda,167.24
26/05/26,11:10,Venda cli#0,venda,88.93
26/05/26,11:23,Venda cli#0,venda,79.73
26/05/26,11:32,Venda cli#0,venda,523.95
26/05/26,11:50,"Venda cli#0 Desc=2,28",venda,20.5
26/05/26,11:54,Venda balcao,venda,203.89
26/05/26,12:18,Venda cli#0,venda,77.04
26/05/26,12:27,Venda balcao,venda,504.63
26/05/26,12:30,Venda cli#0,venda,22.5
26/05/26,13:38,Venda cli#0,venda,6.99
26/05/26,14:25,Venda cli#0,venda,155.62
26/05/26,15:21,Venda cli#0,venda,207.58
26/05/26,15:31,Venda cli#0,venda,12.1
26/05/26,15:44,Venda cli#0,venda,12.0
26/05/26,15:58,Venda cli#0,venda,3.99
26/05/26,16:12,Venda cli#0,venda,19.08
26/05/26,16:23,Venda cli#0,venda,289.55
26/05/26,18:31,FEC: Falta dinheiro no ca,outro,-3317.55
27/05/26,10:21,Venda cli#0,venda,66.48
27/05/26,10:55,Venda cli#0,venda,205.63
27/05/26,11:23,Venda cli#0,venda,279.63
27/05/26,11:28,Venda balcao,venda,250.35
27/05/26,11:50,Venda cli#0,venda,20.6
27/05/26,12:06,Venda cli#0,venda,28.1
27/05/26,12:15,Venda balcao,venda,477.75
27/05/26,13:13,Venda cli#0,venda,8.0
27/05/26,14:35,Venda cli#0,venda,2.15
27/05/26,14:41,Venda cli#0,venda,42.6
27/05/26,14:51,Venda cli#0,venda,20.0
27/05/26,14:51,Troco Venda cli#0,troco,-8.0
27/05/26,15:49,Venda cli#0,venda,28.09
27/05/26,15:56,Venda cli#0,venda,44.08
27/05/26,16:05,Venda balcao,venda,778.51
27/05/26,16:23,Venda cli#0,venda,143.61
27/05/26,16:24,Venda cli#0,venda,26.97
27/05/26,16:39,Venda cli#0,venda,61.09
27/05/26,17:11,Venda cli#0,venda,136.03
27/05/26,17:19,Venda cli#0,venda,69.49
27/05/26,17:25,Venda cli#0,venda,85.49
27/05/26,17:37,Venda cli#0,venda,128.25
27/05/26,19:07,FEC: Falta dinheiro no ca,outro,-2894.9
28/05/26,10:13,Venda cli#0,venda,270.98
28/05/26,10:20,Venda cli#0,venda,105.34
28/05/26,10:29,Venda cli#0,venda,218.16
28/05/26,10:33,Venda cli#0,venda,62.66
28/05/26,10:53,"Venda cli#0 Desc=5,00",venda,35.95
28/05/26,11:12,Venda cli#0,venda,11.9
28/05/26,11:32,Venda cli#0,venda,781.11
28/05/26,11:49,Venda balcao,venda,208.88
28/05/26,11:50,Venda cli#0,venda,21.9
28/05/26,11:56,Venda cli#0,venda,94.02
28/05/26,12:24,Venda cli#0,venda,70.91
28/05/26,12:39,Venda cli#0,venda,50.0
28/05/26,12:39,Troco Venda cli#0,troco,-36.0
28/05/26,13:38,Venda cli#0,venda,128.26
28/05/26,14:15,Venda cli#0,venda,228.35
28/05/26,15:07,Venda cli#0,venda,2.35
28/05/26,16:46,Venda cli#0,venda,48.46
28/05/26,18:17,FEC: Falta dinheiro no ca,outro,-2303.23
29/05/26,09:54,Venda cli#0,venda,9.99
29/05/26,10:26,Venda cli#0,venda,20.0
29/05/26,10:31,Venda cli#0,venda,256.92
29/05/26,11:14,Venda cli#0,venda,618.68
29/05/26,11:23,Venda cli#0,venda,294.36
29/05/26,11:47,Venda cli#0,venda,12.0
29/05/26,14:19,Venda cli#0,venda,23.99
29/05/26,14:25,Venda cli#0,venda,12.1
29/05/26,14:34,Venda cli#0,venda,86.9
29/05/26,16:33,Venda cli#0,venda,22.0
29/05/26,16:34,FEC: Falta dinheiro no ca,outro,-1356.94
29/05/26,16:45,Venda cli#0,venda,56.0
29/05/26,17:00,Venda cli#0,venda,27.96
01/06/26,09:41,Venda cli#0,venda,365.57
01/06/26,09:45,Venda cli#0,venda,55.06
01/06/26,09:54,Venda cli#0,venda,50.0
01/06/26,09:54,Troco Venda cli#0,troco,-42.0
01/06/26,10:22,Venda cli#0,venda,69.81
01/06/26,10:31,Venda cli#0,venda,12.32
01/06/26,11:04,Venda balcao,venda,355.18
01/06/26,11:16,Venda cli#0,venda,74.59
01/06/26,11:22,Venda cli#0,venda,271.65
01/06/26,11:30,Venda cli#0,venda,33.59
01/06/26,11:35,Venda cli#0,venda,13.91
01/06/26,12:15,Venda cli#0,venda,43.21
01/06/26,12:56,Venda cli#0,venda,6.0
01/06/26,12:56,Troco Venda cli#0,troco,-1.04
01/06/26,15:47,Venda cli#0,venda,7.0
01/06/26,15:50,Venda cli#0,venda,29.58
01/06/26,15:57,Venda cli#0,venda,17.65
01/06/26,16:15,Venda cli#0,venda,34.17
01/06/26,16:16,Venda cli#0,venda,219.81
01/06/26,16:35,Venda cli#0,venda,21.55
01/06/26,16:43,Venda cli#0,venda,208.27
01/06/26,17:28,Venda cli#0,venda,83.81
01/06/26,18:10,Venda cli#0,venda,139.8
01/06/26,18:12,FEC: Falta dinheiro no ca,outro,-2153.45
02/06/26,08:57,Venda cli#0,venda,25.0
02/06/26,09:06,Venda cli#0,venda,15.74
02/06/26,09:33,Venda cli#0,venda,919.21
02/06/26,09:40,Venda cli#0,venda,11.9
02/06/26,09:54,Venda cli#0,venda,153.99
02/06/26,10:08,Venda cli#0,venda,21.9
02/06/26,10:28,Venda cli#0,venda,9.99
02/06/26,10:30,Venda cli#0,venda,6.99
02/06/26,10:38,Venda cli#0,venda,222.94
02/06/26,11:01,Venda cli#0,venda,50.41
02/06/26,11:04,Venda balcao,venda,150.2
02/06/26,11:07,Venda balcao,venda,205.3
02/06/26,11:11,Venda cli#0,venda,185.77
02/06/26,11:15,Venda cli#0,venda,109.63
02/06/26,11:18,Venda cli#0,venda,128.61
02/06/26,11:24,Venda balcao,venda,414.76
02/06/26,11:40,Venda balcao,venda,184.1
02/06/26,13:07,Venda balcao,venda,693.66
02/06/26,13:49,Venda cli#0,venda,7.0
02/06/26,13:59,Venda cli#0,venda,0.85
02/06/26,14:01,Venda cli#0,venda,6.99
02/06/26,15:38,Venda cli#0,venda,323.95
02/06/26,16:38,Venda cli#0,venda,5.0
02/06/26,17:20,FEC: Falta dinheiro no ca,outro,-3853.89
03/06/26,09:20,Venda cli#0,venda,13.0
03/06/26,09:38,Venda cli#0,venda,7.0
03/06/26,09:43,Venda cli#0,venda,24.0
03/06/26,10:25,Venda cli#0,venda,63.52
03/06/26,11:27,Venda cli#0,venda,7.0
03/06/26,11:43,Venda cli#0,venda,497.61
03/06/26,12:00,Venda balcao,venda,71.46
03/06/26,12:13,Venda cli#0,venda,159.93
03/06/26,12:54,Venda cli#0,venda,1.5
03/06/26,13:41,Venda cli#0,venda,32.0
03/06/26,15:24,"Venda cli#0 Desc=2,00",venda,8.0
03/06/26,16:08,Venda cli#0,venda,127.78
03/06/26,16:35,Venda cli#0,venda,150.72
03/06/26,16:53,Venda cli#0,venda,67.03
03/06/26,17:15,Venda cli#0,venda,31.89
03/06/26,17:15,FEC: Falta dinheiro no ca,outro,-1262.44
04/06/26,11:28,Venda cli#0,venda,3.15
04/06/26,12:16,Venda cli#0,venda,43.32
04/06/26,13:41,FEC: Falta dinheiro no ca,outro,-46.47
05/06/26,11:43,Venda balcao,venda,327.01
05/06/26,14:51,Venda cli#0,venda,1.45
05/06/26,16:48,Venda cli#0,venda,27.49
05/06/26,17:06,FEC: Falta dinheiro no ca,outro,-355.95
08/06/26,09:43,Venda cli#0,venda,187.68
08/06/26,10:16,Venda balcao,venda,389.14
08/06/26,10:32,Venda cli#0,venda,138.04
08/06/26,10:38,Venda cli#0,venda,124.46
08/06/26,10:50,Venda cli#0,venda,303.92
08/06/26,11:02,Venda balcao,venda,396.64
08/06/26,11:51,Venda cli#0,venda,441.99
08/06/26,12:00,Venda cli#0,venda,29.99
08/06/26,12:05,Venda cli#0,venda,324.0
08/06/26,12:13,Venda cli#0,venda,11.9
08/06/26,12:22,"Venda cli#0 Desc=9,36",venda,84.21
08/06/26,12:23,Venda cli#0,venda,35.97
08/06/26,13:53,Venda cli#0,venda,28.0
08/06/26,13:56,Venda cli#0,venda,8.0
08/06/26,15:31,Venda cli#0,venda,8.93
08/06/26,16:08,Venda cli#0,venda,22.5
08/06/26,16:12,Venda cli#0,venda,35.0
08/06/26,16:22,Venda cli#0,venda,288.09
08/06/26,16:34,Venda cli#0,venda,44.96
08/06/26,16:35,Venda cli#0,venda,13.0
08/06/26,17:09,Venda cli#0,venda,195.26
08/06/26,17:23,Venda cli#0,venda,602.45
08/06/26,17:31,Venda cli#0,venda,551.49
08/06/26,18:33,FEC: Falta dinheiro no ca,outro,-4265.62
09/06/26,09:36,Venda cli#0,venda,451.73
09/06/26,09:37,Venda cli#0,venda,5.99
09/06/26,09:45,Venda cli#0,venda,282.08
09/06/26,10:12,Venda cli#0,venda,101.41
09/06/26,10:23,Venda cli#0,venda,196.12
09/06/26,10:32,Venda cli#0,venda,433.05
09/06/26,10:43,Venda cli#0,venda,6.57
09/06/26,10:50,Venda cli#0,venda,18.0
09/06/26,11:09,Venda balcao,venda,90.48
09/06/26,11:18,Venda cli#0,venda,92.45
09/06/26,11:30,Venda balcao,venda,92.85
09/06/26,11:36,Venda cli#0,venda,10.0
09/06/26,11:48,Venda cli#0,venda,15.0
09/06/26,11:57,Venda cli#0,venda,78.64
09/06/26,12:01,Venda cli#0,venda,10.0
09/06/26,12:19,Venda balcao,venda,469.32
09/06/26,12:21,Venda cli#0,venda,235.96
09/06/26,12:23,Venda cli#0,venda,200.0
09/06/26,12:23,Troco Venda cli#0,troco,-44.04
09/06/26,12:51,Venda cli#0,venda,42.49
09/06/26,13:16,Venda cli#0,venda,3.24
09/06/26,13:33,Venda balcao,venda,161.16
09/06/26,14:07,Venda cli#0,venda,41.72
09/06/26,15:17,Venda balcao,venda,421.94
09/06/26,15:22,"Venda cli#0 Desc=2,40",venda,21.6
09/06/26,15:39,Venda balcao,venda,186.35
09/06/26,15:41,Venda cli#0,venda,2.29
09/06/26,17:55,FEC: Falta dinheiro no ca,outro,-3626.4
10/06/26,09:46,Venda cli#0,venda,138.4
10/06/26,10:41,Venda cli#0,venda,78.76
10/06/26,10:49,Venda cli#0,venda,197.63
10/06/26,11:03,Venda cli#0,venda,169.78
10/06/26,12:52,Venda cli#0,venda,521.22
10/06/26,13:36,Venda cli#0,venda,14.85
10/06/26,13:41,Venda cli#0,venda,73.66
10/06/26,13:55,Venda cli#0,venda,21.57
10/06/26,14:14,Venda cli#0,venda,60.55
10/06/26,15:27,Venda cli#0,venda,2.53
10/06/26,16:26,Venda cli#0,venda,63.75
10/06/26,16:51,Venda cli#0,venda,268.24
10/06/26,16:54,Venda cli#0,venda,10.87
10/06/26,19:07,FEC: Falta dinheiro no ca,outro,-1621.81
11/06/26,09:46,Venda cli#0,venda,5.99
11/06/26,10:03,Venda cli#0,venda,44.9
11/06/26,10:17,Venda balcao,venda,156.12
11/06/26,10:31,Venda balcao,venda,218.41
11/06/26,10:57,Venda cli#0,venda,127.69
11/06/26,11:19,Venda cli#0,venda,65.1
11/06/26,13:36,Venda cli#0,venda,169.51
11/06/26,13:53,Venda cli#0,venda,52.38
11/06/26,14:01,Venda cli#0,venda,200.0
11/06/26,14:01,Troco Venda cli#0,troco,-37.09
11/06/26,14:13,Venda cli#0,venda,202.47
11/06/26,14:19,"Venda cli#0 Desc=2,40",venda,21.6
11/06/26,15:07,Venda cli#0,venda,16.99
11/06/26,17:56,Venda cli#0,venda,4.0
11/06/26,18:18,FEC: Falta dinheiro no ca,outro,-1248.07
12/06/26,10:21,Venda cli#0,venda,217.83
12/06/26,10:23,Venda cli#0,venda,56.1
12/06/26,10:32,Venda cli#0,venda,14.4
12/06/26,10:39,Venda cli#0,venda,238.63
12/06/26,11:19,Venda cli#0,venda,15.8
12/06/26,12:04,Venda cli#0,venda,29.95
12/06/26,12:31,Venda balcao,venda,123.89
12/06/26,12:33,Venda cli#0,venda,82.38
12/06/26,13:52,"Venda cli#0 Desc=3,06",venda,27.54
12/06/26,15:01,Venda cli#0,venda,132.05
12/06/26,17:37,FEC: Falta dinheiro no ca,outro,-938.57
15/06/26,09:39,Venda cli#0,venda,16.08
15/06/26,09:53,Venda cli#0,venda,100.0
15/06/26,09:53,Troco Venda cli#0,troco,-64.41
15/06/26,10:21,Venda cli#0,venda,19.14
15/06/26,10:38,Venda balcao,venda,353.84
15/06/26,10:58,Venda cli#0,venda,212.66
15/06/26,11:30,Venda cli#0,venda,20.0
15/06/26,11:30,Troco Venda cli#0,troco,-1.0
15/06/26,11:35,Venda cli#0,venda,206.04
15/06/26,11:38,Venda cli#0,venda,204.71
15/06/26,11:54,Venda cli#0,venda,4.65
15/06/26,12:13,Venda cli#0,venda,32.82
15/06/26,12:20,"Venda cli#0 Desc=13,22",venda,118.99
15/06/26,12:21,Venda cli#0,venda,8.1
15/06/26,12:56,Venda cli#0,venda,17.98
15/06/26,13:08,Venda cli#0,venda,19.9
15/06/26,13:26,Venda cli#0,venda,15.0
15/06/26,15:26,Venda cli#0,venda,32.02
15/06/26,15:48,Venda cli#0,venda,10.0
15/06/26,15:48,Troco Venda cli#0,troco,-3.01
15/06/26,16:13,Venda cli#0,venda,68.0
15/06/26,16:26,Venda balcao,venda,676.06
15/06/26,17:14,Venda cli#0,venda,59.88
15/06/26,18:10,FEC: Falta dinheiro no ca,outro,-2127.45
16/06/26,09:21,Venda cli#0,venda,32.87
16/06/26,09:58,Venda cli#0,venda,329.35
16/06/26,10:18,Venda cli#0,venda,45.65
16/06/26,10:25,Venda cli#0,venda,383.42
16/06/26,10:51,Venda balcao,venda,216.89
16/06/26,11:48,Venda balcao,venda,132.69
16/06/26,11:57,Venda cli#0,venda,11.98
16/06/26,12:04,Venda cli#0,venda,100.0
16/06/26,12:04,Troco Venda cli#0,troco,-37.01
16/06/26,12:05,Venda cli#0,venda,14.0
16/06/26,12:11,Venda cli#0,venda,9.99
16/06/26,12:16,Venda cli#0,venda,119.68
16/06/26,12:36,Venda cli#0,venda,29.95
16/06/26,13:31,Venda balcao,venda,587.12
16/06/26,13:33,Venda balcao,venda,208.25
16/06/26,14:39,"Venda cli#0 Desc=1,08",venda,9.72
16/06/26,15:50,Venda cli#0,venda,232.25
16/06/26,16:14,Venda cli#0,venda,16.99
16/06/26,16:15,Venda cli#0,venda,20.0
16/06/26,16:15,Troco Venda cli#0,troco,-4.82
16/06/26,16:18,Venda cli#0,venda,3.06
16/06/26,16:56,Venda cli#0,venda,165.41
16/06/26,17:17,Venda cli#0,venda,228.6
16/06/26,17:43,Venda cli#0,venda,50.0
16/06/26,17:43,Troco Venda cli#0,troco,-40.01
16/06/26,18:04,FEC: Falta dinheiro no ca,outro,-2866.03
16/06/26,18:35,Venda cli#0,venda,77.38
17/06/26,09:29,Venda cli#0,venda,52.92
17/06/26,09:31,Venda cli#0,venda,50.0
17/06/26,09:31,Troco Venda cli#0,troco,-20.0
17/06/26,09:45,Venda cli#0,venda,191.44
17/06/26,10:17,Venda cli#0,venda,98.17
17/06/26,10:20,Venda cli#0,venda,225.46
17/06/26,10:28,Venda cli#0,venda,173.64
17/06/26,11:29,Venda cli#0,venda,10.42
17/06/26,11:33,Venda cli#0,venda,44.22
17/06/26,11:53,Venda cli#0,venda,7.0
17/06/26,11:59,Venda cli#0,venda,32.08
17/06/26,12:17,Venda cli#0,venda,21.89
17/06/26,13:50,Venda cli#0,venda,77.64
17/06/26,15:26,Venda cli#0,venda,179.59
17/06/26,16:20,Venda cli#0,venda,816.48
17/06/26,16:56,Venda cli#0,venda,205.5
17/06/26,17:13,Venda cli#0,venda,137.32
17/06/26,17:52,"Venda cli#0 Desc=5,15",venda,46.39
17/06/26,17:55,FEC: Falta dinheiro no ca,outro,-2427.54
18/06/26,09:27,Venda cli#0,venda,105.53
18/06/26,09:56,Venda cli#0,venda,929.78
18/06/26,10:14,Venda cli#0,venda,149.5
18/06/26,10:21,Venda cli#0,venda,35.55
18/06/26,11:07,Venda cli#0,venda,108.72
18/06/26,11:09,Venda cli#0,venda,74.23
18/06/26,11:15,Venda cli#0,venda,299.61
18/06/26,11:21,Venda cli#0,venda,372.56
18/06/26,11:46,Venda cli#0,venda,100.0
18/06/26,11:46,Troco Venda cli#0,troco,-51.42
18/06/26,12:20,Venda cli#0,venda,65.31
18/06/26,12:59,Venda balcao,venda,211.49
18/06/26,13:28,Venda cli#0,venda,9.99
18/06/26,14:34,Venda cli#0,venda,63.9
18/06/26,15:09,Venda cli#0,venda,7.0
18/06/26,16:38,Venda cli#0,venda,8.14
18/06/26,17:21,FEC: Falta dinheiro no ca,outro,-2489.89
19/06/26,09:43,Venda cli#0,venda,87.97
19/06/26,10:05,Venda cli#0,venda,4.99
19/06/26,10:25,Venda cli#0,venda,86.13
19/06/26,10:34,Venda cli#0,venda,154.4
19/06/26,13:57,Venda cli#0,venda,17.97
19/06/26,16:19,Venda cli#0,venda,56.88
19/06/26,16:19,Venda cli#0,venda,33.3
19/06/26,16:56,FEC: Falta dinheiro no ca,outro,-441.64
22/06/26,09:22,"Venda cli#0 Desc=1,21",venda,22.89
22/06/26,10:07,Venda cli#0,venda,11.99
22/06/26,11:09,Venda cli#0,venda,205.49
22/06/26,11:28,"Venda cli#0 Desc=2,00",venda,37.09
22/06/26,11:34,Venda balcao,venda,156.67
22/06/26,11:35,Venda cli#0,venda,43.8
22/06/26,11:36,Venda cli#0,venda,343.36
22/06/26,12:26,Venda cli#0,venda,15.0
22/06/26,12:26,Troco Venda cli#0,troco,-1.1
22/06/26,12:44,Venda cli#0,venda,56.0
22/06/26,13:17,Venda cli#0,venda,327.37
22/06/26,13:29,Venda cli#0,venda,104.97
22/06/26,13:45,Venda cli#0,venda,56.98
22/06/26,14:13,Venda cli#0,venda,7.87
22/06/26,16:02,Venda cli#0,venda,9.99
22/06/26,16:11,Venda cli#0,venda,58.89
22/06/26,16:19,Venda cli#0,venda,268.91
22/06/26,16:28,Venda cli#0,venda,7.0
22/06/26,16:34,Venda cli#0,venda,50.0
22/06/26,16:34,Troco Venda cli#0,troco,-19.4
22/06/26,16:54,Venda balcao,venda,867.92
22/06/26,17:07,Venda cli#0,venda,87.45
22/06/26,17:10,"Venda cli#0 Desc=65,00",venda,130.0
22/06/26,17:41,Venda cli#0,venda,2.14
22/06/26,19:19,FEC: Falta dinheiro no ca,outro,-2851.28
23/06/26,09:32,Venda cli#0,venda,25.0
23/06/26,09:50,Venda cli#0,venda,93.06
23/06/26,10:02,Venda cli#0,venda,41.23
23/06/26,10:23,Venda cli#0,venda,325.62
23/06/26,10:30,Venda cli#0,venda,284.43
23/06/26,11:15,Venda cli#0,venda,30.51
23/06/26,11:16,Venda cli#0,venda,220.27
23/06/26,11:18,Venda cli#0,venda,169.53
23/06/26,11:37,Venda cli#0,venda,326.76
23/06/26,11:44,Venda balcao,venda,123.48
23/06/26,12:12,Venda cli#0,venda,113.96
23/06/26,12:26,Venda cli#0,venda,139.84
23/06/26,12:30,Venda cli#0,venda,250.84
23/06/26,12:36,Venda cli#0,venda,9.59
23/06/26,12:53,Venda cli#0,venda,359.8
23/06/26,13:28,Venda cli#0,venda,377.79
23/06/26,13:30,Venda cli#0,venda,57.33
23/06/26,13:35,Venda cli#0,venda,534.45
23/06/26,13:58,Venda cli#0,venda,25.0
23/06/26,15:16,Venda cli#0,venda,200.54
23/06/26,15:36,Venda balcao,venda,234.31
23/06/26,15:57,Venda cli#0,venda,142.63
23/06/26,16:08,Venda cli#0,venda,17.33
23/06/26,16:25,Venda balcao,venda,399.07
23/06/26,16:49,"Venda balcao Desc=8,70",venda,165.29
23/06/26,17:34,Venda cli#0,venda,1.75
23/06/26,18:12,FEC: Falta dinheiro no ca,outro,-4669.41
24/06/26,09:18,Venda cli#0,venda,57.49
24/06/26,09:32,Venda cli#0,venda,145.95
24/06/26,10:47,Venda cli#0,venda,67.93
24/06/26,11:09,Venda cli#0,venda,110.43
24/06/26,12:00,Venda cli#0,venda,12.0
24/06/26,12:02,Venda cli#0,venda,5.0
24/06/26,12:48,Venda balcao,venda,695.48
24/06/26,14:49,Venda cli#0,venda,38.0
24/06/26,15:10,Venda cli#0,venda,5.99
24/06/26,15:33,Venda cli#0,venda,38.46
24/06/26,16:57,Venda cli#0,venda,50.0
24/06/26,16:58,FEC: Falta dinheiro no ca,outro,-1226.73
24/06/26,17:12,Venda cli#0,venda,72.13
25/06/26,09:59,Venda cli#0,venda,60.0
25/06/26,10:15,Venda cli#0,venda,5.99
25/06/26,10:33,Venda cli#0,venda,107.59
25/06/26,11:07,Venda cli#0,venda,559.72
25/06/26,11:34,Venda cli#0,venda,171.72
25/06/26,11:35,Venda cli#0,venda,37.98
25/06/26,11:40,Venda cli#0,venda,164.99
25/06/26,11:55,Venda cli#0,venda,89.24
25/06/26,12:06,Venda cli#0,venda,307.59
25/06/26,12:40,Venda cli#0,venda,1.65
25/06/26,13:08,Venda cli#0,venda,371.0
25/06/26,13:17,Venda cli#0,venda,116.55
25/06/26,13:36,Venda cli#0,venda,20.0
25/06/26,13:36,Troco Venda cli#0,troco,-8.1
25/06/26,13:46,Venda cli#0,venda,124.79
25/06/26,15:07,Venda cli#0,venda,12.0
25/06/26,15:26,Venda cli#0,venda,57.06
25/06/26,18:18,FEC: Falta dinheiro no ca,outro,-2271.9
26/06/26,10:00,Venda cli#0,venda,28.79
26/06/26,10:49,Venda cli#0,venda,5.99
26/06/26,11:14,Venda cli#0,venda,5.99
26/06/26,11:23,Venda balcao,venda,350.9
26/06/26,12:08,Venda cli#0,venda,3.15
26/06/26,12:12,Venda cli#0,venda,150.32
26/06/26,12:24,Venda balcao,venda,456.95
26/06/26,12:33,FEC: Falta dinheiro no ca,outro,-1002.09
26/06/26,13:39,Venda cli#0,venda,19.9
26/06/26,14:42,Venda balcao,venda,133.25
26/06/26,16:09,Venda cli#0,venda,66.65
26/06/26,17:10,Venda cli#0,venda,285.44
26/06/26,17:18,FEC: Falta dinheiro no ca,outro,-505.24
26/06/26,17:19,Venda cli#0,venda,29.9
29/06/26,08:44,Venda cli#0,venda,63.68
29/06/26,09:14,Venda cli#0,venda,44.08
29/06/26,09:53,Venda cli#0,venda,268.63
29/06/26,10:11,Venda cli#0,venda,228.77
29/06/26,10:15,Venda cli#0,venda,13.98
29/06/26,10:47,Venda cli#0,venda,98.82
29/06/26,10:48,Venda cli#0,venda,46.35
29/06/26,11:53,Venda cli#0,venda,49.5
29/06/26,12:30,Venda cli#0,venda,5.99
29/06/26,13:33,Venda cli#0,venda,37.67
29/06/26,17:25,FEC: Falta dinheiro no ca,outro,-887.37
30/06/26,09:18,Venda cli#0,venda,136.06
30/06/26,09:45,Venda cli#0,venda,202.29
30/06/26,09:55,Venda cli#0,venda,59.95
30/06/26,10:13,Venda cli#0,venda,572.52
30/06/26,10:17,Venda cli#0,venda,196.13
30/06/26,10:19,"Venda cli#0 Desc=11,83",venda,118.64
30/06/26,10:22,Venda cli#0,venda,54.2
30/06/26,10:24,Venda cli#0,venda,162.15
30/06/26,10:31,Venda cli#0,venda,28.88
30/06/26,10:33,Venda cli#0,venda,84.88
30/06/26,10:34,Venda cli#0,venda,20.93
30/06/26,10:36,Venda cli#0,venda,195.41
30/06/26,10:39,Venda cli#0,venda,123.01
30/06/26,10:40,Venda cli#0,venda,5.08
30/06/26,11:02,Venda balcao,venda,207.99
30/06/26,11:06,Venda balcao,venda,183.36
30/06/26,12:09,Venda cli#0,venda,52.0
30/06/26,12:09,Troco Venda cli#0,troco,-1.29
30/06/26,12:47,Venda cli#0,venda,5.99
30/06/26,12:48,Venda cli#0,venda,431.78
30/06/26,12:59,Venda cli#0,venda,6.99
30/06/26,13:05,Venda balcao,venda,270.16
30/06/26,13:37,Venda balcao,venda,184.21
30/06/26,15:09,Venda cli#0,venda,12.1
30/06/26,16:10,Venda cli#0,venda,146.73
30/06/26,16:27,Venda balcao,venda,535.88
30/06/26,16:29,Venda balcao,venda,348.35
30/06/26,18:35,Venda cli#0,venda,21.84
30/06/26,19:01,FEC: Falta dinheiro no ca,outro,-4366.22
01/07/26,08:59,Venda cli#0,venda,36.98
01/07/26,09:25,Venda cli#0,venda,50.0
01/07/26,09:25,Troco Venda cli#0,troco,-42.0
01/07/26,09:51,Venda cli#0,venda,245.92
01/07/26,10:02,Venda cli#0,venda,253.9
01/07/26,10:04,Venda cli#0,venda,307.33
01/07/26,10:16,Venda cli#0,venda,261.88
01/07/26,10:29,Venda cli#0,venda,451.89
01/07/26,10:29,Venda cli#0,venda,10.0
01/07/26,11:33,Venda cli#0,venda,37.8
01/07/26,12:15,Venda cli#0,venda,29.1
01/07/26,12:23,Venda cli#0,venda,148.7
01/07/26,12:48,Venda cli#0,venda,2.5
01/07/26,13:39,Venda cli#0,venda,1.65
01/07/26,14:16,Venda cli#0,venda,15.75
01/07/26,14:27,Venda cli#0,venda,57.78
01/07/26,16:02,"Venda cli#0 Desc=1,50",venda,9.0
01/07/26,16:06,Venda balcao,venda,795.74
01/07/26,16:40,Venda cli#0,venda,62.92
01/07/26,16:47,Venda cli#0,venda,91.54
01/07/26,17:10,Venda cli#0,venda,239.4
01/07/26,17:40,Venda cli#0,venda,405.64
01/07/26,18:20,Venda cli#0,venda,50.39
01/07/26,18:41,FEC: Falta dinheiro no ca,outro,-3523.81
01/07/26,18:59,Venda cli#0,venda,23.1
02/07/26,09:50,Venda cli#0,venda,216.18
02/07/26,10:27,Venda cli#0,venda,49.99
02/07/26,11:01,Venda cli#0,venda,419.83
02/07/26,11:35,Venda cli#0,venda,384.36
02/07/26,11:39,Venda cli#0,venda,287.74
02/07/26,12:47,Venda cli#0,venda,17.64
02/07/26,13:34,"Venda cli#0 Desc=0,80",venda,8.0
02/07/26,13:34,"Troco Venda cli#0 Desc=0,",troco,-0.8
02/07/26,14:05,Venda cli#0,venda,23.9
02/07/26,14:58,Venda cli#0,venda,97.08
02/07/26,15:23,Venda cli#0,venda,6.99
02/07/26,15:50,Venda cli#0,venda,49.97
02/07/26,16:01,Venda cli#0,venda,58.89
02/07/26,17:55,FEC: Falta dinheiro no ca,outro,-1642.87
03/07/26,09:56,Venda cli#0,venda,309.52
03/07/26,11:55,Venda cli#0,venda,20.0
03/07/26,11:55,Troco Venda cli#0,troco,-15.0
03/07/26,11:57,Venda cli#0,venda,6.99
03/07/26,14:29,Venda cli#0,venda,82.06
03/07/26,15:46,Venda cli#0,venda,231.78
03/07/26,15:49,Venda cli#0,venda,28.99
03/07/26,17:06,Venda cli#0,venda,25.99
03/07/26,17:08,Venda balcao,venda,279.25
03/07/26,17:30,Venda cli#0,venda,40.1
03/07/26,17:30,FEC: Falta dinheiro no ca,outro,-1009.68
06/07/26,09:50,Venda cli#0,venda,74.58
06/07/26,09:51,Venda cli#0,venda,175.26
06/07/26,10:32,Venda cli#0,venda,19.82
06/07/26,10:51,Venda cli#0,venda,49.08
06/07/26,11:13,Venda cli#0,venda,467.72
06/07/26,11:26,Venda cli#0,venda,101.56
06/07/26,11:58,Venda cli#0,venda,79.17
06/07/26,12:01,Venda cli#0,venda,24.96
06/07/26,12:12,Venda cli#0,venda,44.28
06/07/26,12:24,Venda cli#0,venda,26.0
06/07/26,12:48,Venda cli#0,venda,77.04
06/07/26,14:37,Venda cli#0,venda,21.0
06/07/26,17:09,Venda cli#0,venda,63.92
06/07/26,18:22,FEC: Falta dinheiro no ca,outro,-1224.39
07/07/26,09:01,Venda cli#0,venda,241.19
07/07/26,09:38,Venda cli#0,venda,592.11
07/07/26,09:46,Venda balcao,venda,338.61
07/07/26,10:41,Venda balcao,venda,195.69
07/07/26,11:47,Venda cli#0,venda,10.0
07/07/26,11:47,Troco Venda cli#0,troco,-3.0
07/07/26,13:22,Venda cli#0,venda,20.0
07/07/26,15:58,Venda balcao,venda,191.07
07/07/26,16:43,Venda cli#0,venda,1.45
07/07/26,17:07,FEC: Falta dinheiro no ca,outro,-1587.12
07/07/26,17:37,Venda cli#0,venda,140.23
08/07/26,08:53,Venda cli#0,venda,134.0
08/07/26,09:12,Venda cli#0,venda,39.05
08/07/26,10:02,Venda balcao,venda,164.34
08/07/26,10:28,Venda cli#0,venda,294.28
08/07/26,10:38,Venda cli#0,venda,8.92
08/07/26,11:39,Venda cli#0,venda,23.9
08/07/26,11:56,Venda balcao,venda,512.85
08/07/26,12:17,Venda cli#0,venda,16.0
08/07/26,12:20,Venda cli#0,venda,34.7
08/07/26,12:57,Venda cli#0,venda,41.94
08/07/26,15:04,Venda cli#0,venda,102.62
08/07/26,15:09,Venda cli#0,venda,18.99
08/07/26,15:58,Venda balcao,venda,763.07
08/07/26,16:03,Venda cli#0,venda,14.09
08/07/26,16:19,Venda cli#0,venda,68.67
08/07/26,16:22,Venda cli#0,venda,5.99
08/07/26,16:34,Venda cli#0,venda,25.08
08/07/26,16:46,Venda cli#0,venda,50.0
08/07/26,16:46,Troco Venda cli#0,troco,-25.0
08/07/26,17:16,FEC: Falta dinheiro no ca,outro,-2433.72
08/07/26,17:40,Venda cli#0,venda,55.22
09/07/26,11:19,Venda cli#0,venda,100.47
09/07/26,13:08,FEC: Falta dinheiro no ca,outro,-155.69
10/07/26,10:24,Venda cli#0,venda,239.21
10/07/26,10:38,Venda cli#0,venda,6.99
10/07/26,10:55,Venda cli#0,venda,50.0
10/07/26,10:55,Troco Venda cli#0,troco,-17.62
10/07/26,11:02,Venda cli#0,venda,16.05
10/07/26,14:57,Venda cli#0,venda,22.5
10/07/26,15:01,Venda cli#0,venda,316.07
10/07/26,16:30,Venda cli#0,venda,3.83
10/07/26,17:15,FEC: Falta dinheiro no ca,outro,-637.03
10/07/26,17:21,Venda cli#0,venda,29.99
13/07/26,09:40,"Venda balcao Desc=12,88",venda,244.74
13/07/26,09:42,Venda cli#0,venda,277.49
13/07/26,11:15,Venda cli#0,venda,40.75
13/07/26,13:37,Venda cli#0,venda,11.07
13/07/26,15:33,Venda cli#0,venda,12.0
13/07/26,15:53,Venda balcao,venda,719.02
13/07/26,15:58,Venda balcao,venda,348.32
13/07/26,16:06,Venda balcao,venda,224.17
13/07/26,17:03,Venda cli#0,venda,178.2
13/07/26,18:25,FEC: Falta dinheiro no ca,outro,-2085.75
14/07/26,09:27,Venda cli#0,venda,41.8
14/07/26,09:30,Venda cli#0,venda,238.96
14/07/26,09:48,Venda cli#0,venda,737.79
14/07/26,10:00,Venda cli#0,venda,64.45
14/07/26,10:02,Venda cli#0,venda,65.0
14/07/26,10:02,Troco Venda cli#0,troco,-0.36
14/07/26,10:17,Venda cli#0,venda,28.0
14/07/26,10:38,Venda cli#0,venda,130.85
14/07/26,10:55,Venda cli#0,venda,157.11
14/07/26,11:25,Venda balcao,venda,116.62
14/07/26,12:09,Venda balcao,venda,18.83
14/07/26,13:46,Venda balcao,venda,159.1
14/07/26,13:50,Venda cli#0,venda,45.7
14/07/26,14:30,Venda cli#0,venda,6.99
14/07/26,15:17,Venda cli#0,venda,316.47
14/07/26,16:18,Venda cli#0,venda,117.47
14/07/26,16:36,Venda cli#0,venda,26.25
14/07/26,17:38,FEC: Falta dinheiro no ca,outro,-2271.03
15/07/26,09:32,Venda cli#0,venda,376.77
15/07/26,12:01,Venda cli#0,venda,85.98
15/07/26,12:04,Venda cli#0,venda,256.19
15/07/26,12:13,Venda cli#0,venda,3.37
15/07/26,15:13,Venda balcao,venda,175.76
15/07/26,15:16,Venda cli#0,venda,106.98
15/07/26,15:18,Venda cli#0,venda,38.98
15/07/26,15:20,Venda cli#0,venda,15.61
15/07/26,15:26,Venda cli#0,venda,293.83
15/07/26,16:16,Venda cli#0,venda,2.21
15/07/26,16:19,Venda cli#0,venda,65.08
15/07/26,16:24,Venda cli#0,venda,39.74
15/07/26,16:41,"Venda cli#0 Desc=1,60",venda,14.4
15/07/26,16:43,"Venda cli#0 Desc=0,49",venda,4.41
15/07/26,17:37,Venda cli#0,venda,40.78
15/07/26,17:55,FEC: Falta dinheiro no ca,outro,-1520.09
16/07/26,09:51,Venda cli#0,venda,51.09
16/07/26,10:02,Venda cli#0,venda,353.84
16/07/26,10:04,Venda cli#0,venda,71.68
16/07/26,10:06,Venda cli#0,venda,152.85
16/07/26,10:14,Venda balcao,venda,31.9
16/07/26,10:19,Venda cli#0,venda,120.32
16/07/26,12:45,Venda balcao,venda,334.76
16/07/26,14:11,Venda cli#0,venda,18.99
16/07/26,14:22,Venda cli#0,venda,698.61
16/07/26,14:47,Venda cli#0,venda,37.58
16/07/26,15:21,Venda cli#0,venda,62.6
16/07/26,15:34,Venda cli#0,venda,5.99
16/07/26,16:53,Venda cli#0,venda,21.2
16/07/26,17:04,FEC: Falta dinheiro no ca,outro,-1961.41
17/07/26,09:18,Venda balcao,venda,126.76
17/07/26,09:30,Venda balcao,venda,242.78
17/07/26,09:56,Venda cli#0,venda,24.99
17/07/26,10:32,Venda balcao,venda,456.52
17/07/26,11:09,Venda cli#0,venda,79.66
17/07/26,11:22,Venda cli#0,venda,20.0
17/07/26,11:22,Troco Venda cli#0,troco,-6.0
17/07/26,14:29,Venda cli#0,venda,213.65
17/07/26,15:50,Venda cli#0,venda,42.54
17/07/26,17:03,FEC: Falta dinheiro no ca,outro,-1200.9
20/07/26,09:16,Venda cli#0,venda,7.09
20/07/26,09:44,Venda cli#0,venda,6.99
20/07/26,10:39,Venda cli#0,venda,67.7
20/07/26,10:58,Venda cli#0,venda,60.08
20/07/26,11:06,Venda cli#0,venda,8.92
20/07/26,11:29,Venda cli#0,venda,145.59
20/07/26,11:30,Venda balcao,venda,141.94
20/07/26,11:41,Venda cli#0,venda,309.48
20/07/26,11:47,Venda cli#0,venda,304.99
20/07/26,12:21,Venda balcao,venda,30.98
20/07/26,12:28,Venda cli#0,venda,397.11
20/07/26,13:04,"Venda cli#0 Desc=8,39",venda,75.47
20/07/26,13:42,Venda cli#0,venda,18.49
20/07/26,14:43,Venda cli#0,venda,24.99
20/07/26,15:16,Venda cli#0,venda,233.7
20/07/26,15:26,Venda cli#0,venda,269.33
20/07/26,15:34,Venda cli#0,venda,73.32
20/07/26,17:08,Venda cli#0,venda,339.11
20/07/26,18:12,FEC: Falta dinheiro no ca,outro,-2515.28
21/07/26,09:43,Venda cli#0,venda,13.37
21/07/26,09:52,Venda cli#0,venda,261.11
21/07/26,09:53,Venda cli#0,venda,25.63
21/07/26,09:54,Venda balcao,venda,224.52
21/07/26,10:27,Venda cli#0,venda,517.62
21/07/26,10:50,Venda balcao,venda,54.41
21/07/26,10:53,Venda balcao,venda,744.95
21/07/26,12:19,Venda cli#0,venda,411.41
21/07/26,12:29,Venda balcao,venda,71.58
21/07/26,12:33,Venda balcao,venda,438.25
21/07/26,12:36,Venda balcao,venda,622.41
21/07/26,12:44,Venda cli#0,venda,364.92
21/07/26,13:26,Venda cli#0,venda,63.39
21/07/26,13:33,Venda cli#0,venda,49.9
21/07/26,14:01,Venda cli#0,venda,69.98
21/07/26,14:39,Venda cli#0,venda,123.81
21/07/26,15:13,Venda cli#0,venda,6.99
21/07/26,17:53,FEC: Falta dinheiro no ca,outro,-4064.25
22/07/26,09:15,Venda cli#0,venda,148.29
22/07/26,10:17,Venda cli#0,venda,5.12
22/07/26,10:20,Venda cli#0,venda,17.08
22/07/26,11:23,Venda cli#0,venda,15.0
22/07/26,13:53,Venda cli#0,venda,5.0
22/07/26,14:52,Venda balcao,venda,891.1
22/07/26,14:54,Venda balcao,venda,53.48
22/07/26,15:44,Venda cli#0,venda,98.38
22/07/26,15:53,Venda cli#0,venda,8.32
22/07/26,16:21,Venda balcao,venda,1280.67
22/07/26,16:40,"Venda cli#0 Desc=1,60",venda,14.4
22/07/26,16:48,Venda cli#0,venda,180.54
22/07/26,17:15,Venda cli#0,venda,68.0
22/07/26,17:32,"Venda cli#0 Desc=1,60",venda,14.4
22/07/26,17:59,Venda cli#0,venda,254.94
22/07/26,18:00,FEC: Falta dinheiro no ca,outro,-3054.72
23/07/26,09:41,Venda cli#0,venda,245.18
23/07/26,12:37,Venda balcao,venda,117.86
23/07/26,13:56,Venda cli#0,venda,9.47
23/07/26,14:18,Venda cli#0,venda,3.51
23/07/26,14:29,Venda cli#0,venda,12.0
23/07/26,15:02,Venda cli#0,venda,197.83
23/07/26,15:23,Venda cli#0,venda,109.95
23/07/26,16:11,Venda cli#0,venda,185.81
23/07/26,17:10,Venda cli#0,venda,98.04
23/07/26,17:57,FEC: Falta dinheiro no ca,outro,-979.65
24/07/26,10:25,Venda cli#0,venda,245.07
24/07/26,11:10,Venda cli#0,venda,97.5
24/07/26,11:46,Venda cli#0,venda,77.34
24/07/26,12:16,Venda cli#0,venda,139.76
24/07/26,14:22,Venda balcao,venda,234.99
24/07/26,14:23,Venda cli#0,venda,23.8
24/07/26,15:03,Venda cli#0,venda,81.87
24/07/26,16:47,FEC: Falta dinheiro no ca,outro,-900.33
24/07/26,17:19,Venda cli#0,venda,2.93
27/07/26,09:22,Venda cli#0,venda,117.11
27/07/26,09:27,Venda cli#0,venda,67.13
27/07/26,09:30,Venda cli#0,venda,136.52
27/07/26,10:12,Venda balcao,venda,116.28
27/07/26,10:21,Venda cli#0,venda,50.9
27/07/26,10:38,Venda cli#0,venda,57.59
27/07/26,12:08,Venda cli#0,venda,20.0
27/07/26,12:08,Troco Venda cli#0,troco,-15.0
27/07/26,13:05,Venda cli#0,venda,72.0
27/07/26,15:16,Venda cli#0,venda,50.59
27/07/26,15:37,Venda cli#0,venda,29.3
27/07/26,15:42,Venda balcao,venda,595.06
27/07/26,15:54,"Venda cli#0 Desc=9,42",venda,84.75
27/07/26,16:30,Venda cli#0,venda,138.11
27/07/26,16:50,Venda cli#0,venda,148.59
27/07/26,16:52,Venda cli#0,venda,325.73
27/07/26,16:55,Venda balcao,venda,142.37
27/07/26,18:23,Venda cli#0,venda,35.6
27/07/26,18:23,FEC: Falta dinheiro no ca,outro,-2175.56
28/07/26,08:54,Venda cli#0,venda,56.0
28/07/26,09:29,Venda cli#0,venda,119.65
28/07/26,09:34,Venda cli#0,venda,246.64
28/07/26,09:37,Venda cli#0,venda,25.1
28/07/26,09:38,Venda cli#0,venda,263.97
28/07/26,09:48,Venda cli#0,venda,838.19
28/07/26,09:57,Venda cli#0,venda,229.0
28/07/26,09:57,Venda cli#0,venda,24.0
28/07/26,09:59,Venda cli#0,venda,223.91
28/07/26,10:09,Venda cli#0,venda,322.78
28/07/26,10:56,Venda cli#0,venda,149.3
28/07/26,11:37,Venda cli#0,venda,142.65
28/07/26,11:39,Venda cli#0,venda,302.75
28/07/26,11:56,Venda cli#0,venda,11.24
28/07/26,12:01,Venda cli#0,venda,12.0
28/07/26,12:33,Venda cli#0,venda,2.66
28/07/26,12:41,Venda cli#0,venda,20.0
28/07/26,12:55,Venda cli#0,venda,21.24
28/07/26,13:06,Venda balcao,venda,403.08
28/07/26,13:28,Venda cli#0,venda,5.78
28/07/26,14:14,Venda cli#0,venda,1.99
28/07/26,14:41,Venda balcao,venda,22.0
28/07/26,14:57,Venda cli#0,venda,180.74
28/07/26,15:50,Venda cli#0,venda,50.0
28/07/26,15:50,Troco Venda cli#0,troco,-42.01
28/07/26,16:40,Venda cli#0,venda,1.3
28/07/26,17:18,Venda cli#0,venda,46.86
28/07/26,17:19,Venda cli#0,venda,20.0
28/07/26,17:19,Troco Venda cli#0,troco,-1.82
28/07/26,17:38,Venda cli#0,venda,153.18
28/07/26,18:20,FEC: Falta dinheiro no ca,outro,-3852.18
29/07/26,09:42,Venda cli#0,venda,17.99
29/07/26,11:30,Venda cli#0,venda,120.96
29/07/26,11:31,Venda cli#0,venda,53.98
29/07/26,11:31,Venda cli#0,venda,47.09
29/07/26,11:44,Venda cli#0,venda,6.99
29/07/26,11:46,Venda cli#0,venda,11.0
29/07/26,11:46,Troco Venda cli#0,troco,-5.01
29/07/26,13:25,Venda cli#0,venda,28.84
29/07/26,13:32,Venda cli#0,venda,156.03
29/07/26,16:00,Venda cli#0,venda,215.3
29/07/26,16:39,Venda cli#0,venda,6.25
29/07/26,16:42,Venda balcao,venda,851.5
29/07/26,17:10,Venda cli#0,venda,25.65
29/07/26,18:48,FEC: Falta dinheiro no ca,outro,-1536.57
30/07/26,09:40,Venda balcao,venda,110.8
30/07/26,10:17,Venda cli#0,venda,182.69
30/07/26,10:29,Venda cli#0,venda,142.88
30/07/26,11:04,Venda cli#0,venda,50.0
30/07/26,11:04,Troco Venda cli#0,troco,-22.22
30/07/26,12:03,Venda cli#0,venda,58.37
30/07/26,12:09,Venda cli#0,venda,236.52
30/07/26,12:09,Venda cli#0,venda,72.94
30/07/26,12:59,Venda cli#0,venda,25.0
30/07/26,14:27,"Venda balcao Desc=6,27",venda,150.49
30/07/26,14:53,Venda cli#0,venda,40.16
30/07/26,15:29,Venda cli#0,venda,22.98
30/07/26,19:13,FEC: Falta dinheiro no ca,outro,-1070.61
31/07/26,10:17,Venda cli#0,venda,263.92
31/07/26,11:17,Venda cli#0,venda,177.34
31/07/26,11:17,Venda cli#0,venda,5.99
31/07/26,12:16,Venda cli#0,venda,72.97
31/07/26,14:03,"Venda cli#0 Desc=2,85",venda,20.0
31/07/26,14:03,"Troco Venda cli#0 Desc=2,",troco,-12.01
31/07/26,14:07,Venda cli#0,venda,442.86
31/07/26,17:13,FEC: Falta dinheiro no ca,outro,-971.07
03/08/26,10:11,Venda cli#0,venda,323.74
03/08/26,10:13,Venda cli#0,venda,22.0
03/08/26,10:13,Troco Venda cli#0,troco,-0.93
03/08/26,10:40,"Venda cli#0 Desc=4,65",venda,41.84
03/08/26,10:42,Venda cli#0,venda,99.57
03/08/26,10:53,Venda cli#0,venda,15.0
03/08/26,10:53,Troco Venda cli#0,troco,-0.91
03/08/26,11:16,Venda cli#0,venda,90.15
03/08/26,11:20,Venda cli#0,venda,28.2
03/08/26,12:08,Venda cli#0,venda,185.55
03/08/26,12:21,Venda cli#0,venda,95.4
03/08/26,14:03,Venda cli#0,venda,33.29
03/08/26,14:15,Venda cli#0,venda,20.0
03/08/26,14:15,Troco Venda cli#0,troco,-3.1
03/08/26,14:46,Venda cli#0,venda,17.97
03/08/26,16:15,Venda cli#0,venda,260.53
03/08/26,16:36,Venda balcao,venda,1002.19
03/08/26,16:55,Venda cli#0,venda,51.89
03/08/26,17:01,Venda cli#0,venda,11.09
03/08/26,18:26,FEC: Falta dinheiro no ca,outro,-2293.47
04/08/26,08:56,Venda cli#0,venda,69.5
04/08/26,09:05,Venda cli#0,venda,270.39
04/08/26,09:07,Venda cli#0,venda,281.64
04/08/26,09:10,Venda cli#0,venda,556.76
04/08/26,09:27,Venda cli#0,venda,275.47
04/08/26,09:58,Venda cli#0,venda,41.74
04/08/26,10:08,Venda cli#0,venda,369.84
04/08/26,10:19,Venda balcao,venda,206.64
04/08/26,10:21,Venda balcao,venda,206.62
04/08/26,10:42,Venda cli#0,venda,655.19
04/08/26,11:04,Venda balcao,venda,181.49
04/08/26,11:07,Venda cli#0,venda,26.8
04/08/26,11:21,Venda cli#0,venda,5.0
04/08/26,11:21,Troco Venda cli#0,troco,-1.03
04/08/26,11:31,Venda balcao,venda,230.27
04/08/26,11:55,Venda cli#0,venda,9.99
04/08/26,12:01,"Venda cli#0 Desc=6,33",venda,56.97
04/08/26,12:38,Venda cli#0,venda,122.73
04/08/26,12:40,Venda cli#0,venda,22.08
04/08/26,13:28,Venda balcao,venda,359.11
04/08/26,13:32,Venda cli#0,venda,490.04
04/08/26,14:13,Venda cli#0,venda,20.0
04/08/26,14:13,Troco Venda cli#0,troco,-12.15
04/08/26,14:14,Venda cli#0,venda,224.24
04/08/26,14:26,Venda cli#0,venda,7.0
04/08/26,17:47,Venda cli#0,venda,98.51
04/08/26,18:18,FEC: Falta dinheiro no ca,outro,-4774.84
05/08/26,09:13,Venda cli#0,venda,25.43
05/08/26,10:14,Venda cli#0,venda,24.1
05/08/26,10:17,Venda cli#0,venda,13.1
05/08/26,10:20,Venda cli#0,venda,32.97
05/08/26,10:43,Venda cli#0,venda,14.05
05/08/26,10:52,Venda cli#0,venda,364.57
05/08/26,11:54,Venda cli#0,venda,5.99
05/08/26,12:03,Venda cli#0,venda,16.55
05/08/26,12:11,Venda cli#0,venda,166.67
05/08/26,15:21,Venda cli#0,venda,195.36
05/08/26,15:24,Venda cli#0,venda,69.98
05/08/26,15:54,Venda cli#0,venda,298.18
05/08/26,17:00,Venda cli#0,venda,26.99
05/08/26,17:04,Venda balcao,venda,841.06
05/08/26,17:13,Venda cli#0,venda,114.37
05/08/26,17:36,Venda cli#0,venda,132.45
05/08/26,17:57,FEC: Falta dinheiro no ca,outro,-2341.82
06/08/26,09:35,Venda cli#0,venda,108.0
06/08/26,10:35,Venda cli#0,venda,13.09
06/08/26,10:51,Venda cli#0,venda,163.65
06/08/26,10:56,Venda cli#0,venda,273.58
06/08/26,11:25,Venda cli#0,venda,381.84
06/08/26,13:18,Venda cli#0,venda,178.36
06/08/26,13:54,Venda cli#0,venda,7.5
06/08/26,14:22,Venda cli#0,venda,18.09
06/08/26,15:25,Venda cli#0,venda,26.56
06/08/26,17:59,Venda cli#0,venda,13.67
06/08/26,18:12,FEC: Falta dinheiro no ca,outro,-1184.34
07/08/26,08:49,Venda cli#0,venda,15.0
07/08/26,09:15,Venda cli#0,venda,154.09
07/08/26,10:00,Venda cli#0,venda,10.09
07/08/26,10:13,Venda cli#0,venda,349.79
07/08/26,10:34,Venda cli#0,venda,47.52
07/08/26,10:35,Venda cli#0,venda,4.86
07/08/26,10:49,Venda cli#0,venda,333.09
07/08/26,10:51,Venda cli#0,venda,18.0
07/08/26,11:28,Venda cli#0,venda,24.98
07/08/26,12:35,Venda cli#0,venda,14.0
07/08/26,14:54,Venda balcao,venda,264.64
07/08/26,15:03,Venda cli#0,venda,304.28
07/08/26,15:15,Venda cli#0,venda,20.17
07/08/26,16:16,Venda cli#0,venda,118.74
07/08/26,16:20,Venda cli#0,venda,12.0
07/08/26,16:25,Venda cli#0,venda,167.01
07/08/26,17:15,FEC: Falta dinheiro no ca,outro,-1858.26
10/08/26,09:53,Venda cli#0,venda,108.58
10/08/26,10:25,Venda cli#0,venda,5.0
10/08/26,10:38,Venda cli#0,venda,20.0
10/08/26,10:38,Troco Venda cli#0,troco,-11.41
10/08/26,10:50,Venda cli#0,venda,483.66
10/08/26,11:32,Venda balcao,venda,212.55
10/08/26,11:40,Venda cli#0,venda,85.53
10/08/26,12:00,Venda cli#0,venda,20.0
10/08/26,13:55,Venda cli#0,venda,14.02
10/08/26,16:00,Venda balcao,venda,744.27
10/08/26,16:17,Venda cli#0,venda,329.73
10/08/26,17:21,Venda cli#0,venda,50.0
10/08/26,17:21,Troco Venda cli#0,troco,-38.0
10/08/26,18:16,FEC: Falta dinheiro no ca,outro,-2023.93
11/08/26,08:30,Venda cli#0,venda,39.89
11/08/26,08:34,Venda cli#0,venda,20.0
11/08/26,08:57,Venda cli#0,venda,175.85
11/08/26,08:58,Venda balcao,venda,56.09
11/08/26,09:20,Venda cli#0,venda,21.39
11/08/26,09:22,Venda balcao,venda,395.43
11/08/26,09:43,Venda balcao,venda,48.39
11/08/26,09:52,Venda cli#0,venda,399.29
11/08/26,10:04,Venda cli#0,venda,250.33
11/08/26,10:27,Venda cli#0,venda,7.04
11/08/26,10:50,Venda cli#0,venda,27.57
11/08/26,11:48,Venda cli#0,venda,458.0
11/08/26,11:51,Venda cli#0,venda,30.73
11/08/26,11:55,Venda balcao,venda,51.31
11/08/26,14:08,Venda cli#0,venda,26.96
11/08/26,14:10,Venda cli#0,venda,271.1
11/08/26,14:49,"Venda balcao Desc=6,48",venda,146.67
11/08/26,15:21,Venda cli#0,venda,62.86
11/08/26,17:07,Venda cli#0,venda,62.86
11/08/26,17:41,FEC: Falta dinheiro no ca,outro,-2551.76
11/08/26,17:43,Venda cli#0,venda,19.21
12/08/26,09:02,Venda cli#0,venda,16.98
12/08/26,10:22,Venda cli#0,venda,181.59
12/08/26,10:30,Venda cli#0,venda,329.78
12/08/26,10:34,Venda cli#0,venda,540.75
12/08/26,16:15,Venda cli#0,venda,162.03
12/08/26,16:22,Venda balcao,venda,751.47
12/08/26,17:23,Venda cli#0,venda,301.04
12/08/26,18:17,FEC: Falta dinheiro no ca,outro,-2302.85
12/08/26,18:35,Venda cli#0,venda,33.9
13/08/26,09:16,Venda cli#0,venda,725.22
13/08/26,09:53,Venda cli#0,venda,4.28
13/08/26,10:10,Venda cli#0,venda,48.81
13/08/26,10:28,Venda cli#0,venda,233.82
13/08/26,10:40,Venda cli#0,venda,555.22
13/08/26,11:00,Venda cli#0,venda,204.78
13/08/26,11:01,Venda cli#0,venda,50.0
13/08/26,11:01,Troco Venda cli#0,troco,-2.17
13/08/26,13:09,Venda cli#0,venda,146.56
13/08/26,13:49,"Venda cli#0 Desc=2,21",venda,19.89
13/08/26,16:49,"Venda cli#0 Desc=2,05",venda,18.45
13/08/26,17:32,Venda cli#0,venda,252.15
13/08/26,18:07,FEC: Falta dinheiro no ca,outro,-2290.91
14/08/26,09:01,Venda cli#0,venda,88.41
14/08/26,10:17,Venda cli#0,venda,15.09
14/08/26,10:37,Venda cli#0,venda,153.92
14/08/26,11:06,Venda cli#0,venda,261.86
14/08/26,11:07,Venda cli#0,venda,186.39
14/08/26,13:25,Venda cli#0,venda,64.0
14/08/26,15:05,Venda cli#0,venda,7.0
14/08/26,15:05,Troco Venda cli#0,troco,-1.01
14/08/26,16:51,Venda cli#0,venda,52.34
14/08/26,17:02,FEC: Falta dinheiro no ca,outro,-828.0
17/08/26,09:35,Venda cli#0,venda,264.0
17/08/26,09:43,Venda cli#0,venda,5.0
17/08/26,09:53,Venda cli#0,venda,10.09
17/08/26,10:20,Venda cli#0,venda,19.17
17/08/26,10:52,Venda balcao,venda,175.63
17/08/26,10:54,Venda cli#0,venda,10.0
17/08/26,11:04,Venda balcao,venda,124.0
17/08/26,11:19,Venda balcao,venda,561.96
17/08/26,11:33,Venda cli#0,venda,91.72
17/08/26,12:49,Venda cli#0,venda,58.21
17/08/26,13:24,Venda cli#0,venda,17.98
17/08/26,14:42,Venda cli#0,venda,36.42
17/08/26,15:58,Venda cli#0,venda,222.62
17/08/26,16:02,"Venda cli#0 Desc=41,90",venda,377.12
17/08/26,16:05,Venda cli#0,venda,216.59
17/08/26,16:12,Venda cli#0,venda,43.39
17/08/26,16:14,Venda cli#0,venda,257.55
17/08/26,16:33,Venda cli#0,venda,28.02
17/08/26,17:25,Venda cli#0,venda,5.99
17/08/26,17:25,Venda cli#0,venda,13.07
17/08/26,18:26,FEC: Falta dinheiro no ca,outro,-2538.53
17/08/26,18:29,Venda cli#0,venda,10.0
17/08/26,18:29,Troco Venda cli#0,troco,-4.01
18/08/26,08:51,Venda balcao,venda,226.04
18/08/26,09:11,Venda balcao,venda,767.16
18/08/26,09:15,Venda cli#0,venda,507.13
18/08/26,09:25,Venda cli#0,venda,219.97
18/08/26,10:06,Venda cli#0,venda,289.12
18/08/26,10:18,Venda balcao,venda,59.98
18/08/26,10:28,Venda cli#0,venda,100.0
18/08/26,10:28,Troco Venda cli#0,troco,-61.0
18/08/26,10:34,Venda cli#0,venda,455.11
18/08/26,10:50,Venda balcao,venda,347.4
18/08/26,11:20,Venda cli#0,venda,7.0
18/08/26,11:24,Venda cli#0,venda,28.28
18/08/26,11:29,Venda cli#0,venda,78.48
18/08/26,11:35,Venda balcao,venda,228.27
18/08/26,11:42,Venda cli#0,venda,63.37
18/08/26,11:48,Venda cli#0,venda,403.98
18/08/26,12:00,Venda cli#0,venda,73.84
18/08/26,12:11,Venda cli#0,venda,198.07
18/08/26,12:28,Venda cli#0,venda,319.04
18/08/26,12:47,Venda cli#0,venda,271.55
18/08/26,12:49,Venda cli#0,venda,268.64
18/08/26,13:15,Venda cli#0,venda,177.68
18/08/26,13:54,Venda cli#0,venda,83.83
18/08/26,14:13,Venda cli#0,venda,221.63
18/08/26,14:22,Venda cli#0,venda,74.23
18/08/26,14:43,Venda cli#0,venda,5.0
18/08/26,14:54,Venda balcao,venda,289.77
18/08/26,15:50,Venda cli#0,venda,85.35
18/08/26,16:05,Venda balcao,venda,192.91
18/08/26,16:38,Venda cli#0,venda,70.99
18/08/26,17:11,Venda cli#0,venda,8.0
18/08/26,17:27,FEC: Falta dinheiro no ca,outro,-6066.81
19/08/26,08:48,Venda cli#0,venda,10.0
19/08/26,08:48,Troco Venda cli#0,troco,-5.8
19/08/26,09:04,Venda cli#0,venda,10.0
19/08/26,09:20,Venda cli#0,venda,22.5
19/08/26,11:48,Venda cli#0,venda,166.27
19/08/26,11:49,Venda cli#0,venda,157.66
19/08/26,11:55,Venda cli#0,venda,48.93
19/08/26,12:06,Venda cli#0,venda,9.99
19/08/26,12:08,Venda cli#0,venda,19.0
19/08/26,13:16,"Venda cli#0 Desc=1,55",venda,13.94
19/08/26,15:01,Venda cli#0,venda,1.55
19/08/26,15:48,Venda cli#0,venda,235.44
19/08/26,16:34,Venda cli#0,venda,383.24
19/08/26,16:36,Venda cli#0,venda,220.96
19/08/26,17:54,Venda balcao,venda,753.96
19/08/26,18:13,FEC: Falta dinheiro no ca,outro,-2047.64
20/08/26,08:45,Venda cli#0,venda,56.2
20/08/26,09:22,Venda cli#0,venda,150.79
20/08/26,09:49,Venda cli#0,venda,16.0
20/08/26,09:52,Venda cli#0,venda,128.63
20/08/26,09:53,Venda cli#0,venda,102.11
20/08/26,10:32,Venda cli#0,venda,32.95
20/08/26,12:24,Venda cli#0,venda,357.83
20/08/26,12:29,Venda cli#0,venda,520.1
20/08/26,12:47,Venda cli#0,venda,493.25
20/08/26,12:51,Venda cli#0,venda,20.0
20/08/26,12:54,Venda cli#0,venda,6.99
20/08/26,13:48,"Venda cli#0 Desc=4,00",venda,7.99
20/08/26,16:50,Venda cli#0,venda,73.01
20/08/26,17:25,Venda cli#0,venda,306.14
20/08/26,17:32,FEC: Falta dinheiro no ca,outro,-2271.99
21/08/26,10:48,Venda cli#0,venda,20.0
21/08/26,11:26,Venda cli#0,venda,150.03
21/08/26,11:39,Venda cli#0,venda,17.57
21/08/26,12:06,Venda cli#0,venda,19.91
21/08/26,13:00,"Venda cli#0 Desc=2,66",venda,23.96
21/08/26,14:22,Venda balcao,venda,148.92
21/08/26,14:42,Venda cli#0,venda,61.74
21/08/26,14:54,Dev.merc.do cliente,outro,-82.39
21/08/26,15:37,Venda cli#0,venda,100.0
21/08/26,15:37,Troco Venda cli#0,troco,-15.19
21/08/26,16:05,Venda cli#0,venda,71.09
21/08/26,16:34,FEC: Falta dinheiro no ca,outro,-515.64
21/08/26,16:57,Venda cli#0,venda,96.96
21/08/26,17:03,Venda cli#0,venda,5.99
24/08/26,09:57,Venda cli#0,venda,98.57
24/08/26,11:04,Venda cli#0,venda,310.85
24/08/26,11:11,Venda cli#0,venda,273.51
24/08/26,11:13,Venda cli#0,venda,207.03
24/08/26,11:34,Venda cli#0,venda,25.99
24/08/26,12:00,Venda cli#0,venda,113.6
24/08/26,12:13,Venda cli#0,venda,20.0
24/08/26,12:13,Troco Venda cli#0,troco,-13.91
24/08/26,12:23,Venda cli#0,venda,118.85
24/08/26,12:43,Venda balcao,venda,157.8
24/08/26,12:44,Venda cli#0,venda,40.69
24/08/26,13:03,"Venda cli#0 Desc=1,00",venda,5.0
24/08/26,13:03,"Troco Venda cli#0 Desc=1,",troco,-0.01
24/08/26,13:34,Venda cli#0,venda,30.37
24/08/26,15:12,Venda cli#0,venda,23.98
24/08/26,15:36,Venda cli#0,venda,16.0
24/08/26,16:07,"Venda balcao Desc=10,70",venda,203.33
24/08/26,16:14,Venda cli#0,venda,42.2
24/08/26,17:24,Venda cli#0,venda,109.2
24/08/26,17:58,Venda cli#0,venda,403.85
24/08/26,18:48,Venda cli#0,venda,112.75
24/08/26,18:48,FEC: Falta dinheiro no ca,outro,-2402.6
25/08/26,09:45,Venda cli#0,venda,365.43
25/08/26,09:52,Venda cli#0,venda,263.56
25/08/26,10:09,Venda cli#0,venda,864.66
25/08/26,10:27,Venda cli#0,venda,64.99
25/08/26,10:43,Venda balcao,venda,898.02
25/08/26,10:53,Venda balcao,venda,166.77
25/08/26,11:17,Venda balcao,venda,126.4
25/08/26,11:21,"Venda cli#0 Desc=2,25",venda,20.25
25/08/26,11:47,Venda cli#0,venda,198.94
25/08/26,12:30,Venda cli#0,venda,545.17
25/08/26,12:31,Venda cli#0,venda,5.0
25/08/26,12:35,Venda balcao,venda,280.79
25/08/26,12:36,Venda balcao,venda,54.0
25/08/26,15:06,Venda cli#0,venda,22.6
25/08/26,15:07,Venda cli#0,venda,218.18
25/08/26,15:20,Venda cli#0,venda,362.59
25/08/26,15:38,Venda balcao,venda,138.35
25/08/26,15:59,Venda cli#0,venda,104.01
25/08/26,16:27,Venda cli#0,venda,156.18
25/08/26,16:29,Venda cli#0,venda,70.63
25/08/26,16:42,Venda cli#0,venda,27.05
25/08/26,16:56,Venda cli#0,venda,43.98
25/08/26,17:26,FEC: Falta dinheiro no ca,outro,-4997.55
25/08/26,17:36,Venda cli#0,venda,29.29
25/08/26,17:53,Venda cli#0,venda,135.22
26/08/26,10:23,Venda cli#0,venda,30.0
26/08/26,10:23,Troco Venda cli#0,troco,-1.22
26/08/26,11:35,Venda cli#0,venda,47.09
26/08/26,12:15,Venda cli#0,venda,12.0
26/08/26,12:24,Venda cli#0,venda,225.65
26/08/26,12:30,Venda cli#0,venda,220.37
26/08/26,14:33,Venda cli#0,venda,10.0
26/08/26,14:52,Venda cli#0,venda,1.5
26/08/26,15:28,Venda cli#0,venda,95.47
26/08/26,16:26,"Venda cli#0 Desc=0,93",venda,8.37
26/08/26,16:29,Venda cli#0,venda,191.12
26/08/26,17:19,Venda cli#0,venda,9.49
26/08/26,18:40,FEC: Falta dinheiro no ca,outro,-1014.35
27/08/26,09:36,Venda cli#0,venda,37.8
27/08/26,10:01,Venda cli#0,venda,211.41
27/08/26,10:51,Venda cli#0,venda,508.47
27/08/26,10:56,Venda cli#0,venda,546.58
27/08/26,11:33,Venda cli#0,venda,516.31
27/08/26,12:28,Venda balcao,venda,729.72
27/08/26,12:45,Venda cli#0,venda,9.34
27/08/26,13:56,Venda cli#0,venda,57.0
27/08/26,17:09,Venda cli#0,venda,58.93
27/08/26,17:30,FEC: Falta dinheiro no ca,outro,-2675.56
28/08/26,11:39,Venda cli#0,venda,132.06
28/08/26,11:40,Venda cli#0,venda,87.28
28/08/26,12:39,"Venda cli#0 Desc=2,73",venda,24.52
28/08/26,13:35,Venda cli#0,venda,24.0
28/08/26,13:36,Venda cli#0,venda,24.0
28/08/26,14:53,Venda cli#0,venda,265.56
28/08/26,15:16,Venda cli#0,venda,105.0
28/08/26,15:16,Troco Venda cli#0,troco,-40.11
28/08/26,15:17,Venda cli#0,venda,131.66
28/08/26,16:39,Venda cli#0,venda,12.0
28/08/26,16:40,Venda cli#0,venda,64.0
28/08/26,16:41,Venda cli#0,venda,7.0
28/08/26,16:43,Venda cli#0,venda,99.79
28/08/26,16:52,Venda cli#0,venda,4.0
28/08/26,17:00,Venda cli#0,venda,15.55
28/08/26,17:00,FEC: Falta dinheiro no ca,outro,-956.31
31/08/26,08:58,Venda cli#0,venda,76.5
31/08/26,09:26,Venda cli#0,venda,129.13
31/08/26,09:38,Venda cli#0,venda,9.99
31/08/26,09:45,Venda cli#0,venda,58.17
31/08/26,10:28,Venda cli#0,venda,139.52
31/08/26,11:02,Venda cli#0,venda,16.0
31/08/26,11:07,Venda cli#0,venda,551.63
31/08/26,11:08,Venda cli#0,venda,154.08
31/08/26,11:31,Venda cli#0,venda,438.28
31/08/26,11:49,Venda balcao,venda,73.03
31/08/26,16:02,Venda balcao,venda,117.39
31/08/26,16:11,Venda cli#0,venda,49.08
31/08/26,17:02,Venda cli#0,venda,17.0
31/08/26,17:14,Venda cli#0,venda,134.61
31/08/26,17:34,Venda cli#0,venda,235.7
31/08/26,18:27,FEC: Falta dinheiro no ca,outro,-2200.11
01/09/26,09:46,Venda cli#0,venda,286.45
01/09/26,10:35,Venda cli#0,venda,534.25
01/09/26,10:51,Venda cli#0,venda,25.71
01/09/26,10:54,Venda cli#0,venda,222.85
01/09/26,11:37,Venda cli#0,venda,22.09
01/09/26,11:48,Venda balcao,venda,350.47
01/09/26,12:16,Venda balcao,venda,501.28
01/09/26,12:18,Venda cli#0,venda,12.0
01/09/26,12:56,Venda cli#0,venda,272.17
01/09/26,13:18,Venda cli#0,venda,308.0
01/09/26,13:40,Venda balcao,venda,21.24
01/09/26,13:43,Venda cli#0,venda,249.92
01/09/26,13:49,Venda balcao,venda,37.24
01/09/26,13:50,Venda cli#0,venda,23.57
01/09/26,14:03,Venda cli#0,venda,3.75
01/09/26,15:31,Venda cli#0,venda,5.85
01/09/26,15:32,Venda cli#0,venda,10.0
01/09/26,15:32,Troco Venda cli#0,troco,-4.01
01/09/26,15:46,Venda cli#0,venda,12.09
01/09/26,15:47,Venda balcao,venda,197.89
01/09/26,15:48,Venda cli#0,venda,117.44
01/09/26,17:31,Venda cli#0,venda,36.07
01/09/26,17:45,FEC: Falta dinheiro no ca,outro,-3246.32
01/09/26,17:51,Venda cli#0,venda,79.4
01/09/26,17:52,Venda cli#0,venda,63.79
02/09/26,09:39,Venda cli#0,venda,291.9
02/09/26,09:43,Venda cli#0,venda,16.0
02/09/26,10:33,Venda cli#0,venda,373.3
02/09/26,11:11,Venda balcao,venda,79.11
02/09/26,11:20,Venda balcao,venda,129.91
02/09/26,11:40,Venda cli#0,venda,171.11
02/09/26,11:49,Venda cli#0,venda,9.99
02/09/26,11:51,Venda cli#0,venda,100.0
02/09/26,11:51,Troco Venda cli#0,troco,-75.91
02/09/26,12:00,Venda cli#0,venda,37.74
02/09/26,13:30,Venda cli#0,venda,30.58
02/09/26,15:13,Venda cli#0,venda,108.0
02/09/26,16:00,Venda cli#0,venda,623.7
02/09/26,16:11,Venda cli#0,venda,479.24
02/09/26,16:25,Venda balcao,venda,876.88
02/09/26,17:10,Venda cli#0,venda,125.7
02/09/26,17:28,Venda cli#0,venda,125.96
02/09/26,18:17,Venda cli#0,venda,200.0
02/09/26,18:17,Troco Venda cli#0,troco,-21.81
02/09/26,18:19,Venda cli#0,venda,19.42
02/09/26,18:21,FEC: Falta dinheiro no ca,outro,-3844.01
03/09/26,09:42,Venda cli#0,venda,316.65
03/09/26,09:52,Venda cli#0,venda,190.97
03/09/26,10:05,Venda balcao,venda,137.86
03/09/26,10:16,Venda cli#0,venda,11.98
03/09/26,11:43,Venda cli#0,venda,128.64
03/09/26,11:47,Venda cli#0,venda,25.08
03/09/26,11:51,Venda cli#0,venda,217.07
03/09/26,11:59,Venda balcao,venda,324.53
03/09/26,12:05,Venda cli#0,venda,148.6
03/09/26,13:15,Venda cli#0,venda,45.25
03/09/26,16:05,Venda cli#0,venda,33.79
03/09/26,17:25,FEC: Falta dinheiro no ca,outro,-1580.42
04/09/26,09:21,Venda cli#0,venda,428.33
04/09/26,09:24,Venda cli#0,venda,3.5
04/09/26,10:21,Venda cli#0,venda,99.47
04/09/26,10:24,Venda cli#0,venda,415.59
04/09/26,15:37,Venda cli#0,venda,181.19
04/09/26,15:38,Venda cli#0,venda,132.82
04/09/26,15:41,Venda cli#0,venda,58.44
04/09/26,16:01,Venda cli#0,venda,22.1
04/09/26,16:36,Venda cli#0,venda,11.98
04/09/26,16:52,FEC: Falta dinheiro no ca,outro,-1353.42
04/09/26,17:03,Venda cli#0,venda,133.39
07/09/26,11:16,Venda cli#0,venda,45.85
07/09/26,15:37,"Venda cli#0 Desc=10,08",venda,90.82
07/09/26,15:37,Troco Venda cli#0 Desc=10,troco,-0.08
07/09/26,16:10,FEC: Falta dinheiro no ca,outro,-269.98
08/09/26,09:29,Venda cli#0,venda,83.1
08/09/26,09:31,Venda cli#0,venda,181.5
08/09/26,09:35,Venda cli#0,venda,175.5
08/09/26,09:41,Venda cli#0,venda,160.01
08/09/26,10:20,Venda cli#0,venda,91.08
08/09/26,10:40,Venda cli#0,venda,323.38
08/09/26,10:42,Venda cli#0,venda,111.05
08/09/26,10:46,Venda cli#0,venda,633.58
08/09/26,11:14,Venda balcao,venda,202.87
08/09/26,11:26,Venda balcao,venda,252.81
08/09/26,12:04,Venda balcao,venda,322.37
08/09/26,12:04,Venda cli#0,venda,106.1
08/09/26,12:14,Venda cli#0,venda,326.24
08/09/26,12:23,Venda cli#0,venda,153.76
08/09/26,12:25,Venda cli#0,venda,120.24
08/09/26,13:33,Venda cli#0,venda,31.98
08/09/26,14:18,Venda cli#0,venda,596.37
08/09/26,14:21,Venda balcao,venda,152.75
08/09/26,14:24,Venda cli#0,venda,180.03
08/09/26,14:27,Venda cli#0,venda,35.38
08/09/26,14:40,Venda balcao,venda,269.24
08/09/26,14:43,Venda cli#0,venda,161.51
08/09/26,15:41,Venda cli#0,venda,325.51
08/09/26,16:28,Venda cli#0,venda,188.19
08/09/26,17:00,Venda cli#0,venda,46.62
08/09/26,17:17,Venda cli#0,venda,38.98
08/09/26,17:27,Venda cli#0,venda,49.61
08/09/26,17:55,Venda cli#0,venda,314.26
08/09/26,18:14,FEC: Falta dinheiro no ca,outro,-5634.02
09/09/26,08:59,Venda cli#0,venda,56.97
09/09/26,09:50,Venda cli#0,venda,10.0
09/09/26,09:59,Venda cli#0,venda,84.8
09/09/26,11:10,Venda cli#0,venda,199.89
09/09/26,11:35,Venda cli#0,venda,87.78
09/09/26,13:19,Venda cli#0,venda,7.0
09/09/26,16:35,Venda cli#0,venda,95.67
09/09/26,17:07,Venda cli#0,venda,50.9
09/09/26,17:51,Venda balcao,venda,116.97
09/09/26,18:34,FEC: Falta dinheiro no ca,outro,-709.98
09/09/26,19:58,Venda balcao,venda,116.09
09/09/26,19:59,Venda cli#0,venda,160.97
09/09/26,20:11,Venda cli#0,venda,430.72
09/09/26,20:13,Venda cli#0,venda,91.41
10/09/26,10:16,Venda balcao,venda,131.51
10/09/26,10:21,Venda balcao,venda,831.58
10/09/26,10:46,Venda cli#0,venda,49.98
10/09/26,11:17,Venda cli#0,venda,73.31
10/09/26,13:05,Venda cli#0,venda,49.98
10/09/26,17:36,FEC: Falta dinheiro no ca,outro,-1935.55
11/09/26,09:27,Venda cli#0,venda,65.46
11/09/26,10:42,Venda cli#0,venda,288.36
11/09/26,10:52,Venda cli#0,venda,553.79
11/09/26,11:12,Venda cli#0,venda,8.0
11/09/26,11:15,Venda cli#0,venda,5.0
11/09/26,14:11,Venda cli#0,venda,50.0
11/09/26,14:11,Troco Venda cli#0,troco,-39.48
14/09/26,11:05,Venda balcao,venda,142.19
14/09/26,11:21,Venda balcao,venda,205.54
14/09/26,11:51,Venda cli#0,venda,285.0
14/09/26,12:04,Venda cli#0,venda,125.0
14/09/26,16:06,"Venda balcao Desc=3,53",venda,105.82
14/09/26,16:13,Venda cli#0,venda,46.06
14/09/26,16:19,Venda balcao,venda,429.55
14/09/26,18:04,Venda cli#0,venda,218.53
14/09/26,18:16,FEC: Falta dinheiro no ca,outro,-2488.82
15/09/26,09:13,Venda cli#0,venda,51.13
15/09/26,09:24,Venda cli#0,venda,103.34
15/09/26,09:47,Venda cli#0,venda,284.23
15/09/26,09:52,Venda cli#0,venda,231.63
15/09/26,10:15,Venda cli#0,venda,175.5
15/09/26,11:29,Venda cli#0,venda,427.03
15/09/26,11:33,Venda balcao,venda,134.58
15/09/26,11:35,Venda cli#0,venda,467.96
15/09/26,11:42,Venda cli#0,venda,312.32
15/09/26,11:53,Venda cli#0,venda,152.12
15/09/26,11:55,Venda cli#0,venda,11.99
15/09/26,12:01,Venda cli#0,venda,124.37
15/09/26,12:04,Venda cli#0,venda,125.79
15/09/26,12:07,Venda cli#0,venda,57.31
15/09/26,12:08,Venda cli#0,venda,12.0
15/09/26,14:20,Venda balcao,venda,183.17
15/09/26,14:31,Venda balcao,venda,99.96
15/09/26,15:03,Venda cli#0,venda,15.0
15/09/26,15:04,Venda cli#0,venda,15.0
15/09/26,15:05,"Venda balcao Desc=269,24",venda,158.16
15/09/26,15:05,Troco Venda balcao Desc=2,troco,-0.0
15/09/26,15:55,Venda balcao,venda,74.97
15/09/26,16:33,Venda cli#0,venda,102.0
15/09/26,16:33,Troco Venda cli#0,troco,-29.92
15/09/26,18:15,FEC: Falta dinheiro no ca,outro,-3289.64
16/09/26,10:03,Venda cli#0,venda,201.15
16/09/26,11:00,Venda cli#0,venda,12.57
16/09/26,11:24,Venda cli#0,venda,83.44
16/09/26,11:43,Venda cli#0,venda,79.76
16/09/26,11:48,Venda balcao,venda,91.0
16/09/26,12:01,Venda cli#0,venda,5.99
16/09/26,13:16,Venda cli#0,venda,18.94
